UNCTAD_code,UNCTAD,WDI,OECD_DAC,WEF,WTTC,UNWTO,IAEG-SDG,ggmap,GFI,globalAI,ITU,GW,UNmapCore_ROMNAM,UNmapCore_MAPCLR,ISO2,unctad_old_development_status,unctad_development_status,region,LDC,LLDC,SIDS_UNCTAD,SIDS_UNCTAD_plus,ISO3,ITU,TMP,comtrade_name,DsibMap_ID,UNCTAD_SIDS_region,CIA,UNDP,ILO,gwcode,cowcode,oecd_db_code,UNECE,UNCTAD_investment_policy,UNCTAD_region,UNCTAD_subregion_1,UNCTAD_subregion_2,r_map,esri_map,EDGAR,UNEP,IPC,wb_income_classification,wb_region,,,,,,,,,
4,Afghanistan,Afghanistan,Afghanistan,,,Afghanistan,Afghanistan,Afghanistan,"Afghanistan, Islamic Republic of",,Afghanistan,700,Afghanistan,AFG,AF,developing,developing,Southern Asia,1,1,0,0,AFG,Afghanistan,Afghanistan,Afghanistan,,,Afghanistan,Afghanistan,Afghanistan,700,700,625,0,Afghanistan,Asia and Oceania,Asia,Southern Asia,Afghanistan,Afghanistan,Afghanistan,Afghanistan,Afghanistan,Low income,South Asia,,,,,,,,,
8,Albania,Albania,Albania,Albania,Albania,Albania,Albania,Albania,Albania,,Albania,339,Albania,ALB,AL,transition,developed,Europe,0,0,0,0,ALB,Albania,Albania,Albania,,,Albania,Albania,Albania,339,339,71,1,Albania,Europe,Southern Europe,,Albania,Albania,Albania,Albania,,Upper middle income,Europe & Central Asia,,,,,,,,,
12,Algeria,Algeria,Algeria,Algeria,Algeria,Algeria,Algeria,Algeria,Algeria,,Algeria,615,Algeria,DZA,DZ,developing,developing,Northern Africa,0,0,0,0,DZA,Algeria,Algeria,Algeria,,,Algeria,Algeria,Algeria,615,615,130,0,Algeria,Africa,Northern Africa,,Algeria,Algeria,Algeria,Algeria,,Lower middle income,Middle East & North Africa,,,,,,,,,
16,American Samoa,American Samoa,,,,American Samoa,,American Samoa,,,American Samoa,,American Samoa,USA,AS,developing,developing,Oceania,0,0,0,0,ASM,American Samoa,,American Samoa,,,American Samoa,,,,,,0,,Asia and Oceania,Oceania,,American Samoa,American Samoa,,,,Upper middle income,East Asia & Pacific,,,,,,,,,
20,Andorra,Andorra,,,,Andorra,,Andorra,,Andorra,Andorra,232,Andorra,AND,AD,developed,developed,Europe,0,0,0,0,AND,Andorra,Andorra,Andorra,,,Andorra,Andorra,,232,232,,1,Andorra,Europe,Southern Europe,,Andorra,Andorra,Spain and Andorra,Andorra,,High income,Europe & Central Asia,,,,,,,,,
24,Angola,Angola,Angola,Angola,Angola,Angola,Angola,Angola,Angola,,Angola,540,Angola,AGO,AO,developing,developing,Sub-Saharan Africa,1,0,0,0,AGO,Angola,Angola,Angola,,,Angola,Angola,Angola,540,540,225,0,Angola,Africa,Sub-Saharan Africa,Middle Africa,Angola,Angola,Angola,Angola,Angola,Lower middle income,Sub-Saharan Africa,,,,,,,,,
660,Anguilla,,Anguilla,,Anguilla,Anguilla,Anguilla,Anguilla,,,Anguilla,,Anguilla,AIA,AI,developing,developing,Latin America and the Caribbean,0,0,0,0,AIA,Anguilla,Anguilla,Anguilla,,,Anguilla,,,,,376,0,,America,Latin America and the Caribbean,Caribbean,Anguilla,Anguilla,Anguilla,,,,,,,,,,,,,
28,Antigua and Barbuda,Antigua and Barbuda,Antigua and Barbuda,,Antigua and Barbuda,Antigua And Barbuda,Antigua and Barbuda,Antigua,Antigua and Barbuda,,Antigua and Barbuda,58,Antigua & Barbuda,ATG,AG,developing,developing,Latin America and the Caribbean,0,0,1,1,ATG,Antigua and Barbuda,Antigua and Barbuda,Antigua and Barbuda,11,Caribbean SIDS ,Antigua and Barbuda,Antigua and Barbuda,Antigua and Barbuda,58,58,377,0,Antigua and Barbuda,America,Latin America and the Caribbean,Caribbean,Antigua,Antigua and Barbuda,Antigua and Barbuda,Antigua and Barbuda,,High income,Latin America & Caribbean,,,,,,,,,
32,Argentina,Argentina,Argentina,Argentina,Argentina,Argentina,Argentina,Argentina,Argentina,Argentina,Argentina,160,Argentina,ARG,AR,developing,developing,Latin America and the Caribbean,0,0,0,0,ARG,Argentina,Argentina,Argentina,,,Argentina,Argentina,Argentina,160,160,425,0,Argentina,America,Latin America and the Caribbean,South America,Argentina,Argentina,Argentina,Argentina,,Upper middle income,Latin America & Caribbean,,,,,,,,,
51,Armenia,Armenia,Armenia,Armenia,Armenia,Armenia,Armenia,Armenia,"Armenia, Republic of",,Armenia,371,Armenia,ARM,AM,transition,developing,Western Asia,0,1,0,0,ARM,Armenia,Armenia,Armenia,,,Armenia,Armenia,Armenia,371,371,610,1,Armenia,Asia and Oceania,Asia,Western Asia,Armenia,Armenia,Armenia,Armenia,,Upper middle income,Europe & Central Asia,,,,,,,,,
533,Aruba,Aruba,,,Aruba,Aruba,,Aruba,Aruba,,Aruba,,Aruba,NLD,AW,developing,developing,Latin America and the Caribbean,0,0,0,0,ABW,Aruba,Aruba,Aruba,,,Aruba,,,,,,0,,America,Latin America and the Caribbean,Caribbean,Aruba,Aruba,Aruba,,,High income,Latin America & Caribbean,,,,,,,,,
36,Australia,Australia,,Australia,Australia,Australia,,Australia,,Australia,Australia,900,Australia,AUS,AU,developed,developed,Oceania,0,0,0,0,AUS,Australia,Australia,Australia,,,Australia,Australia,Australia,900,900,801,0,Australia,Asia and Oceania,Oceania,,Australia,Australia,Australia,Australia,,High income,East Asia & Pacific,,,,,,,,,
40,Austria,Austria,,Austria,Austria,Austria,,Austria,,Austria,Austria,305,Austria,AUT,AT,developed,developed,Europe,0,0,0,0,AUT,Austria,Austria,Austria,,,Austria,Austria,Austria,305,305,1,1,Austria,Europe,Western Europe,,Austria,Austria,Austria,Austria,,High income,Europe & Central Asia,,,,,,,,,
31,Azerbaijan,Azerbaijan,Azerbaijan,Azerbaijan,Azerbaijan,Azerbaijan,Azerbaijan,Azerbaijan,"Azerbaijan, Republic of",Azerbaijan,Azerbaijan,373,Azerbaijan,AZE,AZ,transition,developing,Western Asia,0,1,0,0,AZE,Azerbaijan,Azerbaijan,Azerbaijan,,,Azerbaijan,Azerbaijan,Azerbaijan,373,373,611,1,Azerbaijan,Asia and Oceania,Asia,Western Asia,Azerbaijan,Azerbaijan,Azerbaijan,Azerbaijan,,Upper middle income,Europe & Central Asia,,,,,,,,,
44,Bahamas,"Bahamas, The",,,Bahamas,Bahamas,,Bahamas,"Bahamas, The",,Bahamas,31,Bahamas,BHS,BS,developing,developing,Latin America and the Caribbean,0,0,1,1,BHS,Bahamas,Bahamas,Bahamas,16,Caribbean SIDS ,"Bahamas, The",Bahamas,Bahamas,31,31,328,0,Bahamas,America,Latin America and the Caribbean,Caribbean,Bahamas,"Bahamas, The",Bahamas,Bahamas,,High income,Latin America & Caribbean,,,,,,,,,
48,Bahrain,Bahrain,Bahrain,Bahrain,Bahrain,Bahrain,Bahrain,Bahrain,"Bahrain, Kingdom of",Bahrain,Bahrain,692,Bahrain,BHR,BH,developing,developing,Western Asia,0,0,0,1,BHR,Bahrain,Bahrain,Bahrain,,,Bahrain,Bahrain,Bahrain,692,692,530,0,Bahrain,Asia and Oceania,Asia,Western Asia,Bahrain,Bahrain,Bahrain,Bahrain,,High income,Middle East & North Africa,,,,,,,,,
50,Bangladesh,Bangladesh,Bangladesh,Bangladesh,Bangladesh,Bangladesh,Bangladesh,Bangladesh,Bangladesh,Bangladesh,Bangladesh,771,Bangladesh,BGD,BD,developing,developing,Southern Asia,1,0,0,0,BGD,Bangladesh,Bangladesh,Bangladesh,,,Bangladesh,Bangladesh,Bangladesh,771,771,666,0,Bangladesh,Asia and Oceania,Asia,Southern Asia,Bangladesh,Bangladesh,Bangladesh,Bangladesh,,Lower middle income,South Asia,,,,,,,,,
52,Barbados,Barbados,Barbados,Barbados,Barbados,Barbados,Barbados,Barbados,Barbados,,Barbados,53,Barbados,BRB,BB,developing,developing,Latin America and the Caribbean,0,0,1,1,BRB,Barbados,Barbados,Barbados,20,Caribbean SIDS ,Barbados,Barbados,Barbados,53,53,329,0,Barbados,America,Latin America and the Caribbean,Caribbean,Barbados,Barbados,Barbados,Barbados,,High income,Latin America & Caribbean,,,,,,,,,
112,Belarus,Belarus,Belarus,,Belarus,Belarus,Belarus,Belarus,Belarus,Belarus,Belarus,370,Belarus,BLR,BY,transition,developed,Europe,0,0,0,0,BLR,Belarus,Belarus,Belarus,,,Belarus,Belarus,Belarus,370,370,86,1,Belarus,Europe,Eastern Europe,,Belarus,Byelarus,Belarus,Belarus,,Upper middle income,Europe & Central Asia,,,,,,,,,
56,Belgium,Belgium,,Belgium,Belgium,Belgium,,Belgium,,Belgium,Belgium,211,Belgium,BEL,BE,developed,developed,Europe,0,0,0,0,BEL,Belgium,Belgium,Belgium,,,Belgium,Belgium,Belgium,211,211,2,1,Belgium,Europe,Western Europe,,Belgium,Belgium,Belgium,Belgium,,High income,Europe & Central Asia,,,,,,,,,
84,Belize,Belize,Belize,Belize,Belize,Belize,Belize,Belize,Belize,,Belize,80,Belize,BLZ,BZ,developing,developing,Latin America and the Caribbean,0,0,0,1,BLZ,Belize,Belize,Belize,,,Belize,Belize,Belize,80,80,352,0,Belize,America,Latin America and the Caribbean,Central America,Belize,Belize,Belize,Belize,,Upper middle income,Latin America & Caribbean,,,,,,,,,
204,Benin,Benin,Benin,Benin,Benin,Benin,Benin,Benin,Benin,,Benin,434,Benin,BEN,BJ,developing,developing,Sub-Saharan Africa,1,0,0,0,BEN,Benin,Benin,Benin,,,Benin,Benin,Benin,434,434,236,0,Benin,Africa,Sub-Saharan Africa,Western Africa,Benin,Benin,Benin,Benin,,Lower middle income,Sub-Saharan Africa,,,,,,,,,
60,Bermuda,Bermuda,,,Bermuda,Bermuda,,Bermuda,,Bermuda,Bermuda,,Bermuda,GBR,BM,developed,developed,Northern America,0,0,0,0,BMU,Bermuda,Bermuda,Bermuda,,,Bermuda,,,,,331,0,,America,Northern America,,Bermuda,Bermuda,Bermuda,,,High income,North America,,,,,,,,,
64,Bhutan,Bhutan,Bhutan,Bhutan,,Bhutan,Bhutan,Bhutan,Bhutan,,Bhutan,760,Bhutan,BTN,BT,developing,developing,Southern Asia,1,1,0,0,BTN,Bhutan,Bhutan,Bhutan,,,Bhutan,Bhutan,Bhutan,760,760,630,0,,Asia and Oceania,Asia,Southern Asia,Bhutan,Bhutan,Bhutan,Bhutan,,Lower middle income,South Asia,,,,,,,,,
68,Bolivia (Plurinational State of),Bolivia,Bolivia,Bolivia,Bolivia,"Bolivia, Plurinational State Of",Bolivia (Plurinational State of),Bolivia,Bolivia,Bolivia,Bolivia (Plurinational State of),145,Bolivia (Plurinational State of),BOL,BO,developing,developing,Latin America and the Caribbean,0,1,0,0,BOL,Bolivia (Plurinational State of),Bolivia (Plurinational State of),Bolivia (Plurinational State of),,,Bolivia,Bolivia (Plurinational State of),Bolivia,145,145,428,0,Bolivarian Republic of,America,Latin America and the Caribbean,South America,Bolivia,Bolivia,Bolivia,Bolivia (Plurinational State of),,Lower middle income,Latin America & Caribbean,,,,,,,,,
535,"Bonaire, Sint Eustatius and Saba",,,,,Bonaire,,Bonaire,,,,,,,BQ,developing,developing,Latin America and the Caribbean,0,0,0,0,,,,,,,,,,,,,0,,America,Latin America and the Caribbean,Caribbean,Bonaire,,,,,,,,,,,,,,,
70,Bosnia and Herzegovina,Bosnia and Herzegovina,Bosnia and Herzegovina,Bosnia and Herzegovina,Bosnia-Herzegovina,Bosnia And Herzegovina,Bosnia and Herzegovina,Bosnia and Herzegovina,Bosnia and Herzegovina,Bosnia-Herzegovina,Bosnia and Herzegovina,346,Bosnia & Herzegovina,BIH,BA,transition,developed,Europe,0,0,0,0,BIH,Bosnia and Herzegovina,Bosnia Herzegovina,Bosnia Herzegovina,,,Bosnia and Herzegovina,Bosnia and Herzegovina,Bosnia and Herzegovina,346,346,64,1,Bosnia and Herzegovina,Europe,Southern Europe,,Bosnia and Herzegovina,Bosnia and Herzegovina,Bosnia and Herzegovina,Bosnia and Herzegovina,,Upper middle income,Europe & Central Asia,,,,,,,,,
72,Botswana,Botswana,Botswana,Botswana,Botswana,Botswana,Botswana,Botswana,Botswana,,Botswana,571,Botswana,BWA,BW,developing,developing,Sub-Saharan Africa,0,1,0,0,BWA,Botswana,Botswana,Botswana,,,Botswana,Botswana,Botswana,571,571,227,0,Botswana,Africa,Sub-Saharan Africa,Southern Africa,Botswana,Botswana,Botswana,Botswana,,Upper middle income,Sub-Saharan Africa,,,,,,,,,
76,Brazil,Brazil,Brazil,Brazil,Brazil,Brazil,Brazil,Brazil,Brazil,Brazil,Brazil,140,Brazil,BRA,BR,developing,developing,Latin America and the Caribbean,0,0,0,0,BRA,Brazil,Brazil,Brazil,,,Brazil,Brazil,Brazil,140,140,431,0,Brazil,America,Latin America and the Caribbean,South America,Brazil,Brazil,Brazil,Brazil,,Upper middle income,Latin America & Caribbean,,,,,,,,,
92,British Virgin Islands,British Virgin Islands,,,British Virgin Islands,British Virgin Islands,,,,,British Virgin Islands,,British Virgin Islands,GBR,VG,developing,developing,Latin America and the Caribbean,0,0,0,0,VGB,British Virgin Islands,,,,,,,,,,,0,,America,Latin America and the Caribbean,Caribbean,Virgin Islands,British Virgin Islands,British Virgin Islands,,,High income,Latin America & Caribbean,,,,,,,,,
96,Brunei Darussalam,Brunei Darussalam,,Brunei Darussalam,Brunei,Brunei Darussalam,,Brunei,Brunei Darussalam,,Brunei Darussalam,835,Brunei Darussalam,BRN,BN,developing,developing,South-eastern Asia,0,0,0,0,BRN,Brunei Darussalam,Brunei Darussalam,Brunei Darussalam,,,Brunei,Brunei Darussalam,Brunei Darussalam,835,835,725,0,Brunei Darussalam,Asia and Oceania,Asia,South-eastern Asia,Brunei,Brunei,Brunei,Brunei Darussalam,,High income,East Asia & Pacific,,,,,,,,,
100,Bulgaria,Bulgaria,,Bulgaria,Bulgaria,Bulgaria,,Bulgaria,Bulgaria,Bulgaria,Bulgaria,355,Bulgaria,BGR,BG,developed,developed,Europe,0,0,0,0,BGR,Bulgaria,Bulgaria,Bulgaria,,,Bulgaria,Bulgaria,Bulgaria,355,355,72,1,Bulgaria,Europe,Eastern Europe,,Bulgaria,Bulgaria,Bulgaria,Bulgaria,,Upper middle income,Europe & Central Asia,,,,,,,,,
854,Burkina Faso,Burkina Faso,Burkina Faso,Burkina Faso,Burkina Faso,Burkina Faso,Burkina Faso,Burkina Faso,Burkina Faso,,Burkina Faso,439,Burkina Faso,BFA,BF,developing,developing,Sub-Saharan Africa,1,1,0,0,BFA,Burkina Faso,Burkina Faso,Burkina Faso,,,Burkina Faso,Burkina Faso,Burkina Faso,439,439,287,0,Burkina Faso,Africa,Sub-Saharan Africa,Western Africa,Burkina Faso,Burkina Faso,Burkina Faso,Burkina Faso,,Low income,Sub-Saharan Africa,,,,,,,,,
108,Burundi,Burundi,Burundi,Burundi,Burundi,Burundi,Burundi,Burundi,Burundi,,Burundi,516,Burundi,BDI,BI,developing,developing,Sub-Saharan Africa,1,1,0,0,BDI,Burundi,Burundi,Burundi,,,Burundi,Burundi,Burundi,516,516,228,0,Burundi,Africa,Sub-Saharan Africa,Eastern Africa,Burundi,Burundi,Burundi,Burundi,Burundi,Low income,Sub-Saharan Africa,,,,,,,,,
132,Cabo Verde,Cabo Verde,Cabo Verde,Cape Verde,Cape Verde,Cabo Verde,Cabo Verde,Cape Verde,Cabo Verde,,Cabo Verde,402,Cabo Verde,CPV,CV,developing,developing,Sub-Saharan Africa,0,0,1,1,CPV,Cabo Verde,Cabo Verde,Cabo Verde,96,Atlantic and Indian Ocean SIDS ,Cape Verde,Cabo Verde,Cape Verde,402,402,230,0,Cabo Verde,Africa,Sub-Saharan Africa,Western Africa,Cape Verde,Cape Verde,Cabo Verde,Cabo Verde,,Lower middle income,Sub-Saharan Africa,,,,,,,,,
116,Cambodia,Cambodia,Cambodia,Cambodia,Cambodia,Cambodia,Cambodia,Cambodia,Cambodia,,Cambodia,811,Cambodia,KHM,KH,developing,developing,South-eastern Asia,1,0,0,0,KHM,Cambodia,Cambodia,Cambodia,,,Cambodia,Cambodia,Cambodia,811,811,728,0,Cambodia,Asia and Oceania,Asia,South-eastern Asia,Cambodia,Cambodia,Cambodia,Cambodia,,Lower middle income,East Asia & Pacific,,,,,,,,,
120,Cameroon,Cameroon,Cameroon,Cameroon,Cameroon,Cameroon,Cameroon,Cameroon,Cameroon,,Cameroon,471,Cameroon,CMR,CM,developing,developing,Sub-Saharan Africa,0,0,0,0,CMR,Cameroon,Cameroon,Cameroon,,,Cameroon,Cameroon,Cameroon,471,471,229,0,Cameroon,Africa,Sub-Saharan Africa,Middle Africa,Cameroon,Cameroon,Cameroon,Cameroon,,Lower middle income,Sub-Saharan Africa,,,,,,,,,
124,Canada,Canada,,Canada,Canada,Canada,,Canada,,Canada,Canada,20,Canada,CAN,CA,developed,developed,Northern America,0,0,0,0,CAN,Canada,Canada,Canada,,,Canada,Canada,Canada,20,20,301,1,Canada,America,Northern America,,Canada,Canada,Canada,Canada,,High income,North America,,,,,,,,,
136,Cayman Islands,Cayman Islands,,,Cayman Islands,Cayman Islands,,Cayman Islands,,,Cayman Islands,,Cayman Islands,GBR,KY,developing,developing,Latin America and the Caribbean,0,0,0,0,CYM,Cayman Islands,Cayman Isds,Cayman Isds,,,Cayman Islands,,,,,,0,,America,Latin America and the Caribbean,Caribbean,Cayman Islands,Cayman Islands,Cayman Islands,,,High income,Latin America & Caribbean,,,,,,,,,
140,Central African Republic,Central African Republic,Central African Republic,,Central African Republic,Central African Republic,Central African Republic,Central African Republic,Central African Republic,,Central African Rep.,482,Central African Republic,CAF,CF,developing,developing,Sub-Saharan Africa,1,1,0,0,CAF,Central African Rep.,Central African Rep.,Central African Rep.,,,Central African Republic,Central African Republic,,482,482,231,0,Central African Republic,Africa,Sub-Saharan Africa,Middle Africa,Central African Republic,Central African Republic,Central African Republic,Central African Republic,Central African Republic,Low income,Sub-Saharan Africa,,,,,,,,,
148,Chad,Chad,Chad,Chad,Chad,Chad,Chad,Chad,Chad,,Chad,483,Chad,TCD,TD,developing,developing,Sub-Saharan Africa,1,1,0,0,TCD,Chad,Chad,Chad,,,Chad,Chad,Chad,483,483,232,0,Chad,Africa,Sub-Saharan Africa,Middle Africa,Chad,Chad,Chad,Chad,,Low income,Sub-Saharan Africa,,,,,,,,,
152,Chile,Chile,Chile,Chile,Chile,Chile,Chile,Chile,Chile,Chile,Chile,155,Chile,CHL,CL,developing,developing,Latin America and the Caribbean,0,0,0,0,CHL,Chile,Chile,Chile,,,Chile,Chile,Chile,155,155,434,0,Chile,America,Latin America and the Caribbean,South America,Chile,Chile,Chile,Chile,,High income,Latin America & Caribbean,,,,,,,,,
156,China,China,China (People's Republic of),China,China,China,China,China,"China, P.R.: Mainland",China,China,710,China,CHN,CN,developing,developing,Eastern Asia,0,0,0,0,CHN,China,China,China,,,China,China,China,710,710,730,0,China,Asia and Oceania,Asia,Eastern Asia,China,China,China,China,,Upper middle income,East Asia & Pacific,,,,,,,,,
344,"China, Hong Kong SAR","Hong Kong SAR, China",,Hong Kong SAR,Hong Kong,"Hong Kong, China",,,,,"Hong Kong, China",,Hong Kong,CHN,HK,developing,developing,Eastern Asia,0,0,0,0,HKG,"Hong Kong, China","China, Hong Kong SAR","China, Hong Kong SAR",,,Hong Kong,"Hong Kong, China (SAR)",,715,715,735,0,"Hong Kong, China SAR",Asia and Oceania,Asia,Eastern Asia,,,Hong Kong,"Hong Kong, China (SAR)",,High income,East Asia & Pacific,,,,,,,,,
446,"China, Macao SAR","Macao SAR, China",,,Macau,"Macao, China",,,,,"Macao, China",,Macao,CHN,MO,developing,developing,Eastern Asia,0,0,0,0,MAC,"Macao, China","China, Macao SAR","China, Macao SAR",,,Macau,,,,,748,0,,Asia and Oceania,Asia,Eastern Asia,,,Macao,,,High income,East Asia & Pacific,,,,,,,,,
158,"China, Taiwan Province of",,,"Taiwan, China",Taiwan,Taiwan Province Of China,,Taiwan,,,"Taiwan, Province of China",713,Taiwan,CHN,TW,developing,developing,Eastern Asia,0,0,0,0,TWN,"Taiwan, Province of China",,,,,Taiwan,,,713,713,,0,Taiwan Province of China,Asia and Oceania,Asia,Eastern Asia,Taiwan,Taiwan,Taiwan,,,High income,East Asia & Pacific,,,,,,,,,
170,Colombia,Colombia,Colombia,Colombia,Colombia,Colombia,Colombia,Colombia,Colombia,Colombia,Colombia,100,Colombia,COL,CO,developing,developing,Latin America and the Caribbean,0,0,0,0,COL,Colombia,Colombia,Colombia,,,Colombia,Colombia,Colombia,100,100,437,0,Colombia,America,Latin America and the Caribbean,South America,Colombia,Colombia,Colombia,Colombia,,Upper middle income,Latin America & Caribbean,,,,,,,,,
174,Comoros,Comoros,Comoros,,Comoros,Comoros,Comoros,Comoros,Comoros,,Comoros,581,Comoros,COM,KM,developing,developing,Sub-Saharan Africa,1,0,1,1,COM,Comoros,Comoros,Comoros,107,Atlantic and Indian Ocean SIDS ,Comoros,Comoros,Comoros,581,581,233,0,Comoros,Africa,Sub-Saharan Africa,Eastern Africa,Comoros,Comoros,Comoros,Comoros,,Lower middle income,Sub-Saharan Africa,,,,,,,,,
178,Congo,"Congo, Rep.",Congo,,Republic of Congo,Congo,Congo,Republic of Congo,"Congo, Republic of",,Congo (Rep. of the),484,Congo,COG,CG,developing,developing,Sub-Saharan Africa,0,0,0,0,COG,Congo (Rep. of the),Congo,Congo,,,"Congo, Republic of the",Congo,Congo,484,484,234,0,Congo,Africa,Sub-Saharan Africa,Middle Africa,Republic of Congo,Congo,Congo,Congo,,Lower middle income,Sub-Saharan Africa,,,,,,,,,
184,Cook Islands,,Cook Islands,,,Cook Islands,Cook Islands,Cook Islands,,,Cook Islands,,Cook Islands,NZL,CK,developing,developing,Oceania,0,0,0,0,COK,Cook Islands,Cook Isds,Cook Isds,,,Cook Islands,,Cook Islands,,,831,0,,Asia and Oceania,Oceania,,Cook Islands,Cook Islands,Cook Islands,,,,,,,,,,,,,
188,Costa Rica,Costa Rica,Costa Rica,Costa Rica,Costa Rica,Costa Rica,Costa Rica,Costa Rica,Costa Rica,Costa Rica,Costa Rica,94,Costa Rica,CRI,CR,developing,developing,Latin America and the Caribbean,0,0,0,0,CRI,Costa Rica,Costa Rica,Costa Rica,,,Costa Rica,Costa Rica,Costa Rica,94,94,336,0,Costa Rica,America,Latin America and the Caribbean,Central America,Costa Rica,Costa Rica,Costa Rica,Costa Rica,,Upper middle income,Latin America & Caribbean,,,,,,,,,
384,C么te d'Ivoire,Cote d'Ivoire,C么te d'Ivoire,C么te d'Ivoire,C么te d'Ivoire,C么te D'Ivoire,C么te d'Ivoire,Ivory Coast,C么te d'Ivoire,,Cote d'Ivoire,437,C麓te d'Ivoire,CIV,CI,developing,developing,Sub-Saharan Africa,0,0,0,0,CIV,C么te d'Ivoire,C么te d'Ivoire,C么te d'Ivoire,,,Cote d'Ivoire,C么te d'Ivoire,C么te d'Ivoire,437,437,247,0,C么te d'Ivoire,Africa,Sub-Saharan Africa,Western Africa,Ivory Coast,Ivory Coast,Cte dIvoire,C么te d'Ivoire,,Lower middle income,Sub-Saharan Africa,,,,,,,,,
191,Croatia,Croatia,Croatia,Croatia,Croatia,Croatia,Croatia,Croatia,Croatia,Croatia,Croatia,344,Croatia,HRV,HR,developed,developed,Europe,0,0,0,0,HRV,Croatia,Croatia,Croatia,,,Croatia,Croatia,Croatia,344,344,62,1,Croatia,Europe,Southern Europe,,Croatia,Croatia,Croatia,Croatia,,High income,Europe & Central Asia,,,,,,,,,
192,Cuba,Cuba,Cuba,,Cuba,Cuba,Cuba,Cuba,,,Cuba,40,Cuba,CUB,CU,developing,developing,Latin America and the Caribbean,0,0,0,1,CUB,Cuba,Cuba,Cuba,,,Cuba,Cuba,Cuba,40,40,338,0,Cuba,America,Latin America and the Caribbean,Caribbean,Cuba,Cuba,Cuba,Cuba,,Upper middle income,Latin America & Caribbean,,,,,,,,,
531,Cura莽ao,Curacao,,,,Cura莽ao,,Curacao,,,Curacao,,Cura搂ao,NLD,CW,developing,developing,Latin America and the Caribbean,0,0,0,0,,Curacao,,Cura莽ao,,,,,Cura莽ao,,,,0,,America,Latin America and the Caribbean,Caribbean,Curacao,,Curaao,,,,,,,,,,,,,
196,Cyprus,Cyprus,,Cyprus,Cyprus,Cyprus,,Cyprus,,Cyprus,Cyprus,352,Cyprus,CYP,CY,developed,developed,Europe,0,0,0,0,CYP,Cyprus,Cyprus,Cyprus,,,Cyprus,Cyprus,Cyprus,352,352,30,1,Cyprus,Europe,Southern Europe,,Cyprus,Cyprus,Cyprus,Cyprus,,High income,Europe & Central Asia,,,,,,,,,
203,Czechia,Czech Republic,,Czech Republic,Czech Republic,Czech Republic,,Czech Republic,,Czechia,Czech Republic,316,Czechia,CZE,CZ,developed,developed,Europe,0,0,0,0,CZE,Czech Republic,Czechia,Czechia,,,Czech Republic,Czechia,Czechia,316,316,68,1,Czechia,Europe,Eastern Europe,,Czech Republic,Czech Republic,Czechia,Czechia,,High income,Europe & Central Asia,,,,,,,,,
200,Czechoslovakia,,,,,,,,,,,315,,,,disuse,developed,Europe,0,0,0,0,,,,Czechoslovakia,,,,,,,,,0,,Europe,Eastern Europe,,,,,,,,,,,,,,,,,
180,"Congo, Dem. Rep. of the","Congo, Dem. Rep.",Democratic Republic of the Congo,"Congo, Democratic Rep.",Democratic Republic of Congo,"Congo, Democratic Republic Of The",Democratic Republic of the Congo,Democratic Republic of the Congo,"Congo, Democratic Republic of","Congo, Democratic Republic of",Dem. Rep. of the Congo,490,Democratic Republic of the Congo,COD,CD,developing,developing,Sub-Saharan Africa,1,0,0,0,COD,Dem. Rep. of the Congo,Dem. Rep. of the Congo,Dem. Rep. of the Congo,,,"Congo, Democratic Republic of the",Congo (Democratic Republic of the),"Congo, Democratic Republic of the",490,490,235,0,"Congo, Democratic Republic of the",Africa,Sub-Saharan Africa,Middle Africa,Democratic Republic of the Congo,Zaire,Democratic Republic of the Congo,Congo (Democratic Republic of the),"Congo, DRC",Low income,Sub-Saharan Africa,,,,,,,,,
208,Denmark,Denmark,,Denmark,Denmark,Denmark,,Denmark,,Denmark,Denmark,390,Denmark,DNK,DK,developed,developed,Europe,0,0,0,0,DNK,Denmark,Denmark,Denmark,,,Denmark,Denmark,Denmark,390,390,3,1,Denmark,Europe,Northern Europe,,Denmark,Denmark,Denmark,Denmark,,High income,Europe & Central Asia,,,,,,,,,
262,Djibouti,Djibouti,Djibouti,,,Djibouti,Djibouti,Djibouti,Djibouti,,Djibouti,522,Djibouti,DJI,DJ,developing,developing,Sub-Saharan Africa,1,0,0,0,DJI,Djibouti,Djibouti,Djibouti,,,Djibouti,Djibouti,,522,522,274,0,Djibouti,Africa,Sub-Saharan Africa,Eastern Africa,Djibouti,Djibouti,Djibouti,Djibouti,Djibouti,Lower middle income,Middle East & North Africa,,,,,,,,,
212,Dominica,Dominica,Dominica,,Dominica,Dominica,Dominica,Dominica,Dominica,,Dominica,54,Dominica,DMA,DM,developing,developing,Latin America and the Caribbean,0,0,1,1,DMA,Dominica,Dominica,Dominica,139,Caribbean SIDS ,Dominica,Dominica,Dominica,54,54,378,0,Dominica,America,Latin America and the Caribbean,Caribbean,Dominica,Dominica,Dominica,Dominica,,Upper middle income,Latin America & Caribbean,,,,,,,,,
214,Dominican Republic,Dominican Republic,Dominican Republic,Dominican Republic,Dominican Republic,Dominican Republic,Dominican Republic,Dominican Republic,Dominican Republic,Dominican Republic,Dominican Rep.,42,Dominican Republic,DOM,DO,developing,developing,Latin America and the Caribbean,0,0,0,1,DOM,Dominican Rep.,Dominican Rep.,Dominican Rep.,,,Dominican Republic,Dominican Republic,Dominican Republic,42,42,340,0,Dominican Republic,America,Latin America and the Caribbean,Caribbean,Dominican Republic,Dominican Republic,Dominican Republic,Dominican Republic,,Upper middle income,Latin America & Caribbean,,,,,,,,,
218,Ecuador,Ecuador,Ecuador,Ecuador,Ecuador,Ecuador,Ecuador,Ecuador,Ecuador,Ecuador,Ecuador,130,Ecuador,ECU,EC,developing,developing,Latin America and the Caribbean,0,0,0,0,ECU,Ecuador,Ecuador,Ecuador,,,Ecuador,Ecuador,,130,130,440,0,Ecuador,America,Latin America and the Caribbean,South America,Ecuador,Ecuador,Ecuador,Ecuador,,Upper middle income,Latin America & Caribbean,,,,,,,,,
818,Egypt,"Egypt, Arab Rep.",Egypt,Egypt,Egypt,Egypt,Egypt,Egypt,Egypt,Egypt,Egypt,651,Egypt,EGY,EG,developing,developing,Northern Africa,0,0,0,0,EGY,Egypt,Egypt,Egypt,,,Egypt,Egypt,Egypt,651,651,142,0,Egypt,Africa,Northern Africa,,Egypt,Egypt,Egypt,Egypt,,Lower middle income,Middle East & North Africa,,,,,,,,,
222,El Salvador,El Salvador,El Salvador,El Salvador,El Salvador,El Salvador,El Salvador,El Salvador,El Salvador,El Salvador,El Salvador,92,El Salvador,SLV,SV,developing,developing,Latin America and the Caribbean,0,0,0,0,SLV,El Salvador,El Salvador,El Salvador,,,El Salvador,El Salvador,El Salvador,92,92,342,0,El Salvador,America,Latin America and the Caribbean,Central America,El Salvador,El Salvador,El Salvador,El Salvador,El Salvador,Lower middle income,Latin America & Caribbean,,,,,,,,,
226,Equatorial Guinea,Equatorial Guinea,Equatorial Guinea,,,Equatorial Guinea,Equatorial Guinea,Equatorial Guinea,Equatorial Guinea,,Equatorial Guinea,411,Equatorial Guinea,GNQ,GQ,developing,developing,Sub-Saharan Africa,0,0,0,0,GNQ,Equatorial Guinea,Equatorial Guinea,Equatorial Guinea,,,Equatorial Guinea,Equatorial Guinea,,411,411,245,0,Equatorial Guinea,Africa,Sub-Saharan Africa,Middle Africa,Equatorial Guinea,Equatorial Guinea,Equatorial Guinea,Equatorial Guinea,,Upper middle income,Sub-Saharan Africa,,,,,,,,,
232,Eritrea,Eritrea,Eritrea,,,Eritrea,Eritrea,Eritrea,Eritrea,,Eritrea,531,Eritrea,ERI,ER,developing,developing,Sub-Saharan Africa,1,0,0,0,ERI,Eritrea,Eritrea,Eritrea,,,Eritrea,Eritrea,,531,531,271,0,Eritrea,Africa,Sub-Saharan Africa,Eastern Africa,Eritrea,Eritrea,Eritrea,Eritrea,,Low income,Sub-Saharan Africa,,,,,,,,,
233,Estonia,Estonia,,Estonia,Estonia,Estonia,,Estonia,,,Estonia,366,Estonia,EST,EE,developed,developed,Europe,0,0,0,0,EST,Estonia,Estonia,Estonia,,,Estonia,Estonia,Estonia,366,366,82,1,Estonia,Europe,Northern Europe,,Estonia,Estonia,Estonia,Estonia,,High income,Europe & Central Asia,,,,,,,,,
748,Eswatini,Eswatini,Eswatini,Eswatini,Swaziland,Swaziland,Eswatini,Swaziland,"Eswatini, Kingdom of",,Eswatini,572,Swaziland,SWZ,SZ,developing,developing,Sub-Saharan Africa,0,1,0,0,SWZ,Eswatini,Eswatini,Swaziland,,,Swaziland,Eswatini (Kingdom of),Eswatini,572,572,280,0,Eswatini,Africa,Sub-Saharan Africa,Southern Africa,Swaziland,Swaziland,Eswatini,Eswatini (Kingdom of),Eswatini,Lower middle income,Sub-Saharan Africa,,,,,,,,,
231,Ethiopia,Ethiopia,Ethiopia,Ethiopia,Ethiopia,Ethiopia,Ethiopia,Ethiopia,Ethiopia,,Ethiopia,530,Ethiopia,ETH,ET,developing,developing,Sub-Saharan Africa,1,1,0,0,ETH,Ethiopia,Ethiopia,Ethiopia,,,Ethiopia,Ethiopia,Ethiopia,530,530,238,0,Ethiopia,Africa,Sub-Saharan Africa,Eastern Africa,Ethiopia,Ethiopia,Ethiopia,Ethiopia,Ethiopia,Low income,Sub-Saharan Africa,,,,,,,,,
230,Ethiopia (...1991),,,,,,,,,,,,,,,disuse,developing,Sub-Saharan Africa,1,1,0,0,,,,,,,,,,,,,0,,Africa,Sub-Saharan Africa,Eastern Africa,,,,,,,,,,,,,,,,
238,Falkland Islands (Malvinas),,,,,,,Falkland Islands,,,Falkland (Malvinas) Is.,,Falkland Islands (Malvinas),GBR,FK,developing,developing,Latin America and the Caribbean,0,0,0,0,FLK,Falkland (Malvinas) Is.,,,,,Falkland Islands (Islas Malvinas),,,,,,0,,America,Latin America and the Caribbean,South America,Falkland Islands,Falkland Islands (Islas Malvinas),,,,,,,,,,,,,,
234,Faroe Islands,Faroe Islands,,,,,,Faroe Islands,,,Faroe Islands,,Faroe Islands,DNK,FO,developed,developed,Europe,0,0,0,0,FRO,Faroe Islands,,Faeroe Isds,,,Faroe Islands,,,,,,0,,Europe,Northern Europe,,Faroe Islands,Faroe Islands,,,,High income,Europe & Central Asia,,,,,,,,,
242,Fiji,Fiji,Fiji,,Fiji,Fiji,Fiji,Fiji,Fiji,,Fiji,950,Fiji,FJI,FJ,developing,developing,Oceania,0,0,1,1,FJI,Fiji,Fiji,Fiji,265,Pacific SIDS,Fiji,Fiji,Fiji,950,950,832,0,,Asia and Oceania,Oceania,,Fiji,Fiji,Fiji,Fiji,,Upper middle income,East Asia & Pacific,,,,,,,,,
246,Finland,Finland,,Finland,Finland,Finland,,Finland,,Finland,Finland,375,Finland,FIN,FI,developed,developed,Europe,0,0,0,0,FIN,Finland,Finland,Finland,,,Finland,Finland,Finland,375,375,18,1,Finland,Europe,Northern Europe,,Finland,Finland,Finland,Finland,,High income,Europe & Central Asia,,,,,,,,,
251,France,France,,France,France,France,,France,,France,France,220,France,FRA,FR,developed,developed,Europe,0,0,0,0,FRA,France,France,France,,,France,France,France,220,220,4,1,France,Europe,Western Europe,,France,France,France and Monaco,France,,High income,Europe & Central Asia,,,,,,,,,
258,French Polynesia,French Polynesia,,,,French Polynesia,,French Polynesia,,,French Polynesia,,French Polynesia,FRA,PF,developing,developing,Oceania,0,0,0,0,PYF,French Polynesia,French Polynesia,French Polynesia,,,French Polynesia,,,,,,0,,Asia and Oceania,Oceania,,French Polynesia,French Polynesia,French Polynesia,,,High income,East Asia & Pacific,,,,,,,,,
266,Gabon,Gabon,Gabon,Gabon,Gabon,Gabon,Gabon,Gabon,Gabon,Gabon,Gabon,481,Gabon,GAB,GA,developing,developing,Sub-Saharan Africa,0,0,0,0,GAB,Gabon,Gabon,Gabon,,,Gabon,Gabon,Gabon,481,481,239,0,Gabon,Africa,Sub-Saharan Africa,Middle Africa,Gabon,Gabon,Gabon,Gabon,,Upper middle income,Sub-Saharan Africa,,,,,,,,,
270,Gambia,"Gambia, The",Gambia,"Gambia, The",Gambia,Gambia,Gambia,Gambia,"Gambia, The",,Gambia,420,Gambia,GMB,GM,developing,developing,Sub-Saharan Africa,1,0,0,0,GMB,Gambia,Gambia,Gambia,,,"Gambia, The",Gambia,Gambia,420,420,240,0,Gambia,Africa,Sub-Saharan Africa,Western Africa,Gambia,"Gambia, The",The Gambia,Gambia,,Low income,Sub-Saharan Africa,,,,,,,,,
268,Georgia,Georgia,Georgia,Georgia,Georgia,Georgia,Georgia,Georgia,Georgia,Georgia,Georgia,372,Georgia,GEO,GE,transition,developing,Western Asia,0,0,0,0,GEO,Georgia,Georgia,Georgia,,,Georgia,Georgia,Georgia,372,372,612,1,Georgia,Asia and Oceania,Asia,Western Asia,Georgia,Georgia,Georgia,Georgia,,Upper middle income,Europe & Central Asia,,,,,,,,,
276,Germany,Germany,,Germany,Germany,Germany,,Germany,,Germany,Germany,260,Germany,DEU,DE,developed,developed,Europe,0,0,0,0,DEU,Germany,Germany,Germany,,,Germany,Germany,Germany,260,255,5,1,Germany,Europe,Western Europe,,Germany,Germany,Germany,Germany,,High income,Europe & Central Asia,,,,,,,,,
278,"Germany, Democratic Republic of",,,,,,,,,,,,,,,disuse,developed,Europe,0,0,0,0,,,,,,,,,,,,,0,,Europe,Western Europe,,,,,,,,,,,,,,,,,
280,"Germany, Federal Republic of",,,,,,,,,,,,,,,disuse,developed,Europe,0,0,0,0,,,,,,,,,,,,,0,,Europe,Western Europe,,,,,,,,,,,,,,,,,
288,Ghana,Ghana,Ghana,Ghana,Ghana,Ghana,Ghana,Ghana,Ghana,Ghana,Ghana,452,Ghana,GHA,GH,developing,developing,Sub-Saharan Africa,0,0,0,0,GHA,Ghana,Ghana,Ghana,,,Ghana,Ghana,Ghana,452,452,241,0,Ghana,Africa,Sub-Saharan Africa,Western Africa,Ghana,Ghana,Ghana,Ghana,,Lower middle income,Sub-Saharan Africa,,,,,,,,,
292,Gibraltar,Gibraltar,,,,,,,,,Gibraltar,,Gibraltar,GBR,GI,developed,developed,Europe,0,0,0,0,GIB,Gibraltar,,Gibraltar,,,Gibraltar,,,,,,0,,Europe,Southern Europe,,,Gibraltar,Gibraltar,,,High income,Europe & Central Asia,,,,,,,,,
300,Greece,Greece,,Greece,Greece,Greece,,Greece,,Greece,Greece,350,Greece,GRC,GR,developed,developed,Europe,0,0,0,0,GRC,Greece,Greece,Greece,,,Greece,Greece,Greece,350,350,40,1,Greece,Europe,Southern Europe,,Greece,Greece,Greece,Greece,,High income,Europe & Central Asia,,,,,,,,,
304,Greenland,Greenland,,,,,,Greenland,,,Greenland,,Greenland,DNK,GL,developed,developed,Northern America,0,0,0,0,GRL,Greenland,Greenland,Greenland,,,Greenland,,,,,,0,,America,Northern America,,Greenland,Greenland,Greenland,,,High income,Europe & Central Asia,,,,,,,,,
308,Grenada,Grenada,Grenada,,Grenada,Grenada,Grenada,Grenada,Grenada,,Grenada,55,Grenada,GRD,GD,developing,developing,Latin America and the Caribbean,0,0,1,1,GRD,Grenada,Grenada,Grenada,340,Caribbean SIDS ,Grenada,Grenada,Grenada,55,55,381,0,Grenada,America,Latin America and the Caribbean,Caribbean,Grenada,Grenada,Grenada,Grenada,,Upper middle income,Latin America & Caribbean,,,,,,,,,
316,Guam,Guam,,,,Guam,,Guam,,,Guam,,Guam,USA,GU,developing,developing,Oceania,0,0,0,0,GUM,Guam,,Guam,,,Guam,,,,,,0,,Asia and Oceania,Oceania,,Guam,Guam,,,,High income,East Asia & Pacific,,,,,,,,,
320,Guatemala,Guatemala,Guatemala,Guatemala,Guatemala,Guatemala,Guatemala,Guatemala,Guatemala,Guatemala,Guatemala,90,Guatemala,GTM,GT,developing,developing,Latin America and the Caribbean,0,0,0,0,GTM,Guatemala,Guatemala,Guatemala,,,Guatemala,Guatemala,Guatemala,90,90,347,0,Guatemala,America,Latin America and the Caribbean,Central America,Guatemala,Guatemala,Guatemala,Guatemala,Guatemala,Upper middle income,Latin America & Caribbean,,,,,,,,,
324,Guinea,Guinea,Guinea,Guinea,Guinea,Guinea,Guinea,Guinea,Guinea,,Guinea,438,Guinea,GIN,GN,developing,developing,Sub-Saharan Africa,1,0,0,0,GIN,Guinea,Guinea,Guinea,,,Guinea,Guinea,Guinea,438,438,243,0,Guinea,Africa,Sub-Saharan Africa,Western Africa,Guinea,Guinea,Guinea,Guinea,,Low income,Sub-Saharan Africa,,,,,,,,,
624,Guinea-Bissau,Guinea-Bissau,Guinea-Bissau,,,Guinea-Bissau,Guinea-Bissau,Guinea-Bissau,Guinea-Bissau,,Guinea-Bissau,404,Guinea-Bissau,GNB,GW,developing,developing,Sub-Saharan Africa,1,0,0,1,GNB,Guinea-Bissau,Guinea-Bissau,Guinea-Bissau,,,Guinea-Bissau,Guinea-Bissau,,404,404,244,0,Guinea-Bissau,Africa,Sub-Saharan Africa,Western Africa,Guinea-Bissau,Guinea-Bissau,Guinea-Bissau,Guinea-Bissau,,Low income,Sub-Saharan Africa,,,,,,,,,
328,Guyana,Guyana,Guyana,Guyana,Guyana,Guyana,Guyana,Guyana,Guyana,,Guyana,110,Guyana,GUY,GY,developing,developing,Latin America and the Caribbean,0,0,0,1,GUY,Guyana,Guyana,Guyana,,,Guyana,Guyana,Guyana,110,110,446,0,Guyana,America,Latin America and the Caribbean,South America,Guyana,Guyana,Guyana,Guyana,,Upper middle income,Latin America & Caribbean,,,,,,,,,
332,Haiti,Haiti,Haiti,Haiti,Haiti,Haiti,Haiti,Haiti,Haiti,,Haiti,41,Haiti,HTI,HT,developing,developing,Latin America and the Caribbean,1,0,0,1,HTI,Haiti,Haiti,Haiti,,,Haiti,Haiti,Haiti,41,41,349,0,Haiti,America,Latin America and the Caribbean,Caribbean,Haiti,Haiti,Haiti,Haiti,Haiti,Lower middle income,Latin America & Caribbean,,,,,,,,,
336,Holy See,,,,,,,Vatican,,,Vatican,,Holy See,VAT,VA,developed,developed,Europe,0,0,0,0,VAT,,,,,,,,,,,,0,,Europe,Southern Europe,,,,,,,,,,,,,,,,,
340,Honduras,Honduras,Honduras,Honduras,Honduras,Honduras,Honduras,Honduras,Honduras,,Honduras,91,Honduras,HND,HN,developing,developing,Latin America and the Caribbean,0,0,0,0,HND,Honduras,Honduras,Honduras,,,Honduras,Honduras,Honduras,91,91,351,0,Honduras,America,Latin America and the Caribbean,Central America,Honduras,Honduras,Honduras,Honduras,Honduras,Lower middle income,Latin America & Caribbean,,,,,,,,,
348,Hungary,Hungary,,Hungary,Hungary,Hungary,,Hungary,Hungary,Hungary,Hungary,310,Hungary,HUN,HU,developed,developed,Europe,0,0,0,0,HUN,Hungary,Hungary,Hungary,,,Hungary,Hungary,Hungary,310,310,75,1,Hungary,Europe,Eastern Europe,,Hungary,Hungary,Hungary,Hungary,,High income,Europe & Central Asia,,,,,,,,,
352,Iceland,Iceland,,Iceland,Iceland,Iceland,,Iceland,,Iceland,Iceland,395,Iceland,ISL,IS,developed,developed,Europe,0,0,0,0,ISL,Iceland,Iceland,Iceland,,,Iceland,Iceland,Iceland,395,395,20,1,Iceland,Europe,Northern Europe,,Iceland,Iceland,Iceland,Iceland,,High income,Europe & Central Asia,,,,,,,,,
356,India,India,India,India,India,India,India,India,India,India,India,750,India,IND,IN,developing,developing,Southern Asia,0,0,0,0,IND,India,India,India,,,India,India,India,750,750,645,0,India,Asia and Oceania,Asia,Southern Asia,India,India,India,India,,Lower middle income,South Asia,,,,,,,,,
360,Indonesia,Indonesia,Indonesia,Indonesia,Indonesia,Indonesia,Indonesia,Indonesia,Indonesia,Indonesia,Indonesia,850,Indonesia,IDN,ID,developing,developing,South-eastern Asia,0,0,0,0,IDN,Indonesia,Indonesia,Indonesia,,,Indonesia,Indonesia,Indonesia,850,850,738,0,Indonesia,Asia and Oceania,Asia,South-eastern Asia,Indonesia,Indonesia,Indonesia,Indonesia,,Lower middle income,East Asia & Pacific,,,,,,,,,
960,Indonesia (...2002),,,,,,,,,,,,,,,disuse,developing,South-eastern Asia,0,0,0,0,,,,,,,,,,,,,0,,Asia and Oceania,Asia,South-eastern Asia,,,,,,,,,,,,,,,,
364,Iran (Islamic Republic of),"Iran, Islamic Rep.",Iran,"Iran, Islamic Rep.",Iran,"Iran, Islamic Republic Of",Iran (Islamic Republic of),Iran,"Iran, Islamic Republic of","Iran, Islamic Republic of",Iran (Islamic Republic of),630,Iran (Islamic Republic of),IRN,IR,developing,developing,Southern Asia,0,0,0,0,IRN,Iran (Islamic Republic of),Iran,Iran,,,Iran,Iran (Islamic Republic of),"Iran, Islamic Republic of",630,630,540,0,"Iran, Islamic Republic of",Asia and Oceania,Asia,Southern Asia,Iran,Iran,Iran,Iran (Islamic Republic of),,Lower middle income,Middle East & North Africa,,,,,,,,,
368,Iraq,Iraq,Iraq,,Iraq,Iraq,Iraq,Iraq,Iraq,Iraq,Iraq,645,Iraq,IRQ,IQ,developing,developing,Western Asia,0,0,0,0,IRQ,Iraq,Iraq,Iraq,,,Iraq,Iraq,Iraq,645,645,543,0,Iraq,Asia and Oceania,Asia,Western Asia,Iraq,Iraq,Iraq,Iraq,,Upper middle income,Middle East & North Africa,,,,,,,,,
372,Ireland,Ireland,,Ireland,Ireland,Ireland,,Ireland,,Ireland,Ireland,205,Ireland,IRL,IE,developed,developed,Europe,0,0,0,0,IRL,Ireland,Ireland,Ireland,,,Ireland,Ireland,Ireland,205,205,21,1,Ireland,Europe,Northern Europe,,Ireland,Ireland,Ireland,Ireland,,High income,Europe & Central Asia,,,,,,,,,
376,Israel,Israel,,Israel,Israel,Israel,,Israel,,Israel,Israel,666,Israel,ISR,IL,developed,developed,Western Asia,0,0,0,0,ISR,Israel,Israel,Israel,,,Israel,Israel,Israel,666,666,546,1,Israel,Asia and Oceania,Asia,Western Asia,Israel,Israel,"Israel and Palestine, State of",Israel,,High income,Middle East & North Africa,,,,,,,,,
380,Italy,Italy,,Italy,Italy,Italy,,Italy,,Italy,Italy,325,Italy,ITA,IT,developed,developed,Europe,0,0,0,0,ITA,Italy,Italy,Italy,,,Italy,Italy,,325,325,6,1,Italy,Europe,Southern Europe,,Italy,Italy,"Italy, San Marino and the Holy See",Italy,,High income,Europe & Central Asia,,,,,,,,,
388,Jamaica,Jamaica,Jamaica,Jamaica,Jamaica,Jamaica,Jamaica,Jamaica,Jamaica,,Jamaica,51,Jamaica,JAM,JM,developing,developing,Latin America and the Caribbean,0,0,1,1,JAM,Jamaica,Jamaica,Jamaica,436,Caribbean SIDS ,Jamaica,Jamaica,Jamaica,51,51,354,0,Jamaica,America,Latin America and the Caribbean,Caribbean,Jamaica,Jamaica,Jamaica,Jamaica,,Upper middle income,Latin America & Caribbean,,,,,,,,,
392,Japan,Japan,,Japan,Japan,Japan,,Japan,,Japan,Japan,740,Japan,JPN,JP,developed,developed,Eastern Asia,0,0,0,0,JPN,Japan,Japan,Japan,,,Japan,Japan,Japan,740,740,701,0,Japan,Asia and Oceania,Asia,Eastern Asia,Japan,Japan,Japan,Japan,,High income,East Asia & Pacific,,,,,,,,,
400,Jordan,Jordan,Jordan,Jordan,Jordan,Jordan,Jordan,Jordan,Jordan,Jordan,Jordan,663,Jordan,JOR,JO,developing,developing,Western Asia,0,0,0,0,JOR,Jordan,Jordan,Jordan,,,Jordan,Jordan,Jordan,663,663,549,0,Jordan,Asia and Oceania,Asia,Western Asia,Jordan,Jordan,Jordan,Jordan,,Upper middle income,Middle East & North Africa,,,,,,,,,
398,Kazakhstan,Kazakhstan,Kazakhstan,Kazakhstan,Kazakhstan,Kazakhstan,Kazakhstan,Kazakhstan,Kazakhstan,Kazakhstan,Kazakhstan,705,Kazakhstan,KAZ,KZ,transition,developing,Central Asia,0,1,0,0,KAZ,Kazakhstan,Kazakhstan,Kazakhstan,,,Kazakhstan,Kazakhstan,Kazakhstan,705,705,613,1,Kazakhstan,Asia and Oceania,Asia,Central Asia,Kazakhstan,Kazakhstan,Kazakhstan,Kazakhstan,,Upper middle income,Europe & Central Asia,,,,,,,,,
404,Kenya,Kenya,Kenya,Kenya,Kenya,Kenya,Kenya,Kenya,Kenya,Kenya,Kenya,501,Kenya,KEN,KE,developing,developing,Sub-Saharan Africa,0,0,0,0,KEN,Kenya,Kenya,Kenya,,,Kenya,Kenya,Kenya,501,501,248,0,Kenya,Africa,Sub-Saharan Africa,Eastern Africa,Kenya,Kenya,Kenya,Kenya,Kenya,Lower middle income,Sub-Saharan Africa,,,,,,,,,
296,Kiribati,Kiribati,Kiribati,,Kiribati,Kiribati,Kiribati,Kiribati,Kiribati,,Kiribati,970,Kiribati,KIR,KI,developing,developing,Oceania,1,0,1,1,KIR,Kiribati,Kiribati,Kiribati,337,Pacific SIDS,Kiribati,Kiribati,Kiribati,970,946,836,0,,Asia and Oceania,Oceania,,Kiribati,Kiribati,Kiribati,Kiribati,,Lower middle income,East Asia & Pacific,,,,,,,,,
408,"Korea, Dem. People's Rep. of","Korea, Dem. Peoples Rep.",Democratic People's Republic of Korea,,,"Korea, Democratic People'S Republic Of",Democratic People's Republic of Korea,North Korea,,,Dem. People's Rep. of Korea,731,Democratic People's Republic of Korea,PRK,KP,developing,developing,Eastern Asia,0,0,0,0,PRK,,Dem. People's Rep. of Korea,Dem. People's Rep. of Korea,,,"Korea, North",,,,,740,0,"Korea, Dem. People's Rep. of",Asia and Oceania,Asia,Eastern Asia,North Korea,North Korea,North Korea,,,Low income,East Asia & Pacific,,,,,,,,,
410,"Korea, Republic of","Korea, Rep.",,"Korea, Rep.",South Korea,"Korea, Republic Of",,South Korea,,"Korea, Republic of",Korea (Rep. of),732,Republic of Korea,KOR,KR,developing,developed,Eastern Asia,0,0,0,0,KOR,Korea (Rep. of),Rep. of Korea,Rep. of Korea,,,"Korea, South",Korea (Republic of),"Korea, Republic of",732,732,742,0,"Korea, Republic of",Asia and Oceania,Asia,Eastern Asia,South Korea,South Korea,South Korea,Korea (Republic of),,High income,East Asia & Pacific,,,,,,,,,
414,Kuwait,Kuwait,,Kuwait,Kuwait,Kuwait,,Kuwait,Kuwait,Kuwait,Kuwait,690,Kuwait,KWT,KW,developing,developing,Western Asia,0,0,0,0,KWT,Kuwait,Kuwait,Kuwait,,,Kuwait,Kuwait,Kuwait,690,690,552,0,Kuwait,Asia and Oceania,Asia,Western Asia,Kuwait,Kuwait,Kuwait,Kuwait,,High income,Middle East & North Africa,,,,,,,,,
417,Kyrgyzstan,Kyrgyz Republic,Kyrgyzstan,Kyrgyz Republic,Kyrgyzstan,Kyrgyzstan,Kyrgyzstan,Kyrgyzstan,Kyrgyz Republic,,Kyrgyzstan,703,Kyrgyzstan,KGZ,KG,transition,developing,Central Asia,0,1,0,0,KGZ,Kyrgyzstan,Kyrgyzstan,Kyrgyzstan,,,Kyrgyzstan,Kyrgyzstan,Kyrgyzstan,703,703,614,1,Kyrgyzstan,Asia and Oceania,Asia,Central Asia,Kyrgyzstan,Kyrgyzstan,Kyrgyzstan,Kyrgyzstan,,Lower middle income,Europe & Central Asia,,,,,,,,,
418,Lao People's Dem. Rep.,Lao PDR,Lao People's Democratic Republic,Lao PDR,Laos,Lao People'S Democratic Republic,Lao People's Democratic Republic,Laos,Lao People's Democratic Republic,,Lao P.D.R.,812,Lao People's Democratic Republic,LAO,LA,developing,developing,South-eastern Asia,1,1,0,0,LAO,Lao P.D.R.,Lao People's Dem. Rep.,Lao People's Dem. Rep.,,,Laos,Lao People's Democratic Republic,Lao People's Democratic Republic,812,812,745,0,Lao People's Democratic Republic,Asia and Oceania,Asia,South-eastern Asia,Laos,Laos,Laos,Lao People's Democratic Republic,,Lower middle income,East Asia & Pacific,,,,,,,,,
428,Latvia,Latvia,,Latvia,Latvia,Latvia,,Latvia,,Latvia,Latvia,367,Latvia,LVA,LV,developed,developed,Europe,0,0,0,0,LVA,Latvia,Latvia,Latvia,,,Latvia,Latvia,Latvia,367,367,83,1,Latvia,Europe,Northern Europe,,Latvia,Latvia,Latvia,Latvia,,High income,Europe & Central Asia,,,,,,,,,
422,Lebanon,Lebanon,Lebanon,Lebanon,Lebanon,Lebanon,Lebanon,Lebanon,Lebanon,Lebanon,Lebanon,660,Lebanon,LBN,LB,developing,developing,Western Asia,0,0,0,0,LBN,Lebanon,Lebanon,Lebanon,,,Lebanon,Lebanon,Lebanon,660,660,555,0,Lebanon,Asia and Oceania,Asia,Western Asia,Lebanon,Lebanon,Lebanon,Lebanon,,Lower middle income,Middle East & North Africa,,,,,,,,,
426,Lesotho,Lesotho,Lesotho,Lesotho,Lesotho,Lesotho,Lesotho,Lesotho,Lesotho,,Lesotho,570,Lesotho,LSO,LS,developing,developing,Sub-Saharan Africa,1,1,0,0,LSO,Lesotho,Lesotho,Lesotho,,,Lesotho,Lesotho,Lesotho,570,570,249,0,Lesotho,Africa,Sub-Saharan Africa,Southern Africa,Lesotho,Lesotho,Lesotho,Lesotho,Lesotho,Lower middle income,Sub-Saharan Africa,,,,,,,,,
430,Liberia,Liberia,Liberia,Liberia,,Liberia,Liberia,Liberia,Liberia,,Liberia,450,Liberia,LBR,LR,developing,developing,Sub-Saharan Africa,1,0,0,0,LBR,Liberia,Liberia,Liberia,,,Liberia,Liberia,Liberia,450,450,251,0,Liberia,Africa,Sub-Saharan Africa,Western Africa,Liberia,Liberia,Liberia,Liberia,,Low income,Sub-Saharan Africa,,,,,,,,,
434,Libya,Libya,Libya,Libya,Libya,Libya,Libya,Libya,Libya,,Libya,620,Libya,LBY,LY,developing,developing,Northern Africa,0,0,0,0,LBY,Libya,Libya,Libya,,,Libya,Libya,Libya,620,620,133,0,Libya,Africa,Northern Africa,,Libya,Libya,Libya,Libya,,Upper middle income,Middle East & North Africa,,,,,,,,,
440,Lithuania,Lithuania,,Lithuania,Lithuania,Lithuania,,Lithuania,,Lithuania,Lithuania,368,Lithuania,LTU,LT,developed,developed,Europe,0,0,0,0,LTU,Lithuania,Lithuania,Lithuania,,,Lithuania,Lithuania,Lithuania,368,368,84,1,Lithuania,Europe,Northern Europe,,Lithuania,Lithuania,Lithuania,Lithuania,,High income,Europe & Central Asia,,,,,,,,,
442,Luxembourg,Luxembourg,,Luxembourg,Luxembourg,Luxembourg,,Luxembourg,,Luxembourg,Luxembourg,212,Luxembourg,LUX,LU,developed,developed,Europe,0,0,0,0,LUX,Luxembourg,Luxembourg,Luxembourg,,,Luxembourg,Luxembourg,Luxembourg,212,212,22,1,Luxembourg,Europe,Western Europe,,Luxembourg,Luxembourg,Luxembourg,Luxembourg,,High income,Europe & Central Asia,,,,,,,,,
450,Madagascar,Madagascar,Madagascar,Madagascar,Madagascar,Madagascar,Madagascar,Madagascar,Madagascar,,Madagascar,580,Madagascar,MDG,MG,developing,developing,Sub-Saharan Africa,1,0,0,0,MDG,Madagascar,Madagascar,Madagascar,,,Madagascar,Madagascar,Madagascar,580,580,252,0,Madagascar,Africa,Sub-Saharan Africa,Eastern Africa,Madagascar,Madagascar,Madagascar,Madagascar,Madagascar,Low income,Sub-Saharan Africa,,,,,,,,,
454,Malawi,Malawi,Malawi,Malawi,Malawi,Malawi,Malawi,Malawi,Malawi,,Malawi,553,Malawi,MWI,MW,developing,developing,Sub-Saharan Africa,1,1,0,0,MWI,Malawi,Malawi,Malawi,,,Malawi,Malawi,Malawi,553,553,253,0,Malawi,Africa,Sub-Saharan Africa,Eastern Africa,Malawi,Malawi,Malawi,Malawi,Malawi,Low income,Sub-Saharan Africa,,,,,,,,,
458,Malaysia,Malaysia,Malaysia,Malaysia,Malaysia,Malaysia,Malaysia,Malaysia,Malaysia,Malaysia,Malaysia,820,Malaysia,MYS,MY,developing,developing,South-eastern Asia,0,0,0,0,MYS,Malaysia,Malaysia,Malaysia,,,Malaysia,Malaysia,Malaysia,820,820,751,0,Malaysia,Asia and Oceania,Asia,South-eastern Asia,Malaysia,Malaysia,Malaysia,Malaysia,,Upper middle income,East Asia & Pacific,,,,,,,,,
462,Maldives,Maldives,Maldives,,Maldives,Maldives,Maldives,Maldives,Maldives,,Maldives,781,Maldives,MDV,MV,developing,developing,Southern Asia,0,0,1,1,MDV,Maldives,Maldives,Maldives,498,Atlantic and Indian Ocean SIDS ,Maldives,Maldives,Maldives,781,781,655,0,Maldives,Asia and Oceania,Asia,Southern Asia,Maldives,Maldives,Maldives,Maldives,,Upper middle income,South Asia,,,,,,,,,
466,Mali,Mali,Mali,Mali,Mali,Mali,Mali,Mali,Mali,,Mali,432,Mali,MLI,ML,developing,developing,Sub-Saharan Africa,1,1,0,0,MLI,Mali,Mali,Mali,,,Mali,Mali,Mali,432,432,255,0,Mali,Africa,Sub-Saharan Africa,Western Africa,Mali,Mali,Mali,Mali,,Low income,Sub-Saharan Africa,,,,,,,,,
470,Malta,Malta,Malta,Malta,Malta,Malta,Malta,Malta,,,Malta,338,Malta,MLT,MT,developed,developed,Europe,0,0,0,0,MLT,Malta,Malta,Malta,,,Malta,Malta,Malta,338,338,45,1,Malta,Europe,Southern Europe,,Malta,Malta,Malta,Malta,,High income,Middle East & North Africa,,,,,,,,,
584,Marshall Islands,Marshall Islands,Marshall Islands,,,Marshall Islands,Marshall Islands,Marshall Islands,,,Marshall Islands,983,Marshall Islands,MHL,MH,developing,developing,Oceania,0,0,1,1,MHL,Marshall Islands,,Marshall Isds,545,Pacific SIDS,Marshall Islands,Marshall Islands,Marshall Islands,983,983,859,0,Marshall Islands,Asia and Oceania,Oceania,,Marshall Islands,Marshall Islands,,Marshall Islands,,Upper middle income,East Asia & Pacific,,,,,,,,,
478,Mauritania,Mauritania,Mauritania,Mauritania,,Mauritania,Mauritania,Mauritania,Mauritania,,Mauritania,435,Mauritania,MRT,MR,developing,developing,Sub-Saharan Africa,1,0,0,0,MRT,Mauritania,Mauritania,Mauritania,,,Mauritania,Mauritania,Mauritania,435,435,256,0,Mauritania,Africa,Sub-Saharan Africa,Western Africa,Mauritania,Mauritania,Mauritania,Mauritania,,Lower middle income,Sub-Saharan Africa,,,,,,,,,
480,Mauritius,Mauritius,Mauritius,Mauritius,Mauritius,Mauritius,Mauritius,Mauritius,Mauritius,Mauritius,Mauritius,590,Mauritius,MUS,MU,developing,developing,Sub-Saharan Africa,0,0,1,1,MUS,Mauritius,Mauritius,Mauritius,503,Atlantic and Indian Ocean SIDS ,Mauritius,Mauritius,Mauritius,590,590,257,0,Mauritius,Africa,Sub-Saharan Africa,Eastern Africa,Mauritius,Mauritius,Mauritius,Mauritius,,Upper middle income,Sub-Saharan Africa,,,,,,,,,
484,Mexico,Mexico,Mexico,Mexico,Mexico,Mexico,Mexico,Mexico,Mexico,Mexico,Mexico,70,Mexico,MEX,MX,developing,developing,Latin America and the Caribbean,0,0,0,0,MEX,Mexico,Mexico,Mexico,,,Mexico,Mexico,Mexico,70,70,358,0,Mexico,America,Latin America and the Caribbean,Central America,Mexico,Mexico,Mexico,Mexico,,Upper middle income,Latin America & Caribbean,,,,,,,,,
583,Micronesia (Federated States of),"Micronesia, Fed. Sts.",Micronesia,,,"Micronesia, Federated States Of",Micronesia (Federated States of),Micronesia,,,Micronesia,987,Micronesia (Federated States of),FSM,FM,developing,developing,Oceania,0,0,1,1,FSM,Micronesia,,FS Micronesia,544,Pacific SIDS,"Micronesia, Federated States of",Micronesia (Federated States of),"Micronesia, Federated States of",987,987,860,0,,Asia and Oceania,Oceania,,Micronesia,Federated States of Micronesia,,Micronesia (Federated States of),,Lower middle income,East Asia & Pacific,,,,,,,,,
498,"Moldova, Republic of",Moldova,Moldova,Moldova,Moldova,"Moldova, Republic Of",Republic of Moldova,Moldova,Moldova,"Moldova, Republic of",Moldova,359,Republic of Moldova,MDA,MD,transition,developed,Europe,0,1,0,0,MDA,Moldova,,Rep. of Moldova,,,Moldova,Moldova (Republic of),"Moldova, Republic of",359,359,93,1,"Moldova, Republic of",Europe,Eastern Europe,,Moldova,Moldova,Moldova,Moldova (Republic of),,Upper middle income,Europe & Central Asia,,,,,,,,,
496,Mongolia,Mongolia,Mongolia,Mongolia,Mongolia,Mongolia,Mongolia,Mongolia,Mongolia,,Mongolia,712,Mongolia,MNG,MN,developing,developing,Eastern Asia,0,1,0,0,MNG,Mongolia,Mongolia,Mongolia,,,Mongolia,Mongolia,Mongolia,712,712,753,0,Mongolia,Asia and Oceania,Asia,Eastern Asia,Mongolia,Mongolia,Mongolia,Mongolia,,Lower middle income,East Asia & Pacific,,,,,,,,,
499,Montenegro,Montenegro,Montenegro,Montenegro,Montenegro,Montenegro,Montenegro,Montenegro,Montenegro,,Montenegro,341,Montenegro,MNE,ME,transition,developed,Europe,0,0,0,0,MNE,Montenegro,Montenegro,Montenegro,,,Montenegro,Montenegro,Montenegro,341,341,65,1,Montenegro,Europe,Southern Europe,,Montenegro,Montenegro,Serbia and Montenegro,Montenegro,,Upper middle income,Europe & Central Asia,,,,,,,,,
500,Montserrat,,Montserrat,,,Montserrat,Montserrat,Montserrat,,,Montserrat,,Montserrat,GBR,MS,developing,developing,Latin America and the Caribbean,0,0,0,0,MSR,Montserrat,Montserrat,Montserrat,,,Montserrat,,,,,385,0,,America,Latin America and the Caribbean,Caribbean,Montserrat,Montserrat,,,,,,,,,,,,,,
504,Morocco,Morocco,Morocco,Morocco,Morocco,Morocco,Morocco,Morocco,Morocco,Morocco,Morocco,600,Morocco,MAR,MA,developing,developing,Northern Africa,0,0,0,0,MAR,Morocco,Morocco,Morocco,,,Morocco,Morocco,Morocco,600,600,136,0,Morocco,Africa,Northern Africa,,Morocco,Morocco,Morocco,Morocco,,Lower middle income,Middle East & North Africa,,,,,,,,,
508,Mozambique,Mozambique,Mozambique,Mozambique,Mozambique,Mozambique,Mozambique,Mozambique,Mozambique,Mozambique,Mozambique,541,Mozambique,MOZ,MZ,developing,developing,Sub-Saharan Africa,1,0,0,0,MOZ,Mozambique,Mozambique,Mozambique,,,Mozambique,Mozambique,Mozambique,541,541,259,0,Mozambique,Africa,Sub-Saharan Africa,Eastern Africa,Mozambique,Mozambique,Mozambique,Mozambique,Mozambique,Low income,Sub-Saharan Africa,,,,,,,,,
104,Myanmar,Myanmar,Myanmar,Myanmar,Myanmar,Myanmar,Myanmar,Myanmar,Myanmar,Myanmar,Myanmar,775,Myanmar,MMR,MM,developing,developing,South-eastern Asia,1,0,0,0,MMR,Myanmar,Myanmar,Myanmar,,,Burma,Myanmar,Myanmar,775,775,635,0,Myanmar,Asia and Oceania,Asia,South-eastern Asia,Myanmar,Myanmar (Burma),Myanmar/Burma,Myanmar,,Lower middle income,East Asia & Pacific,,,,,,,,,
516,Namibia,Namibia,Namibia,Namibia,Namibia,Namibia,Namibia,Namibia,Namibia,,Namibia,565,Namibia,NAM,NA,developing,developing,Sub-Saharan Africa,0,0,0,0,NAM,Namibia,Namibia,Namibia,,,Namibia,Namibia,Namibia,565,565,275,0,Namibia,Africa,Sub-Saharan Africa,Southern Africa,Namibia,Namibia,Namibia,Namibia,Namibia,Upper middle income,Sub-Saharan Africa,,,,,,,,,
520,Nauru,Nauru,Nauru,,,Nauru,Nauru,Nauru,,,Nauru,971,Nauru,NRU,NR,developing,developing,Oceania,0,0,1,1,NRU,Nauru,,Nauru,517,Pacific SIDS,Nauru,,Nauru,971,970,845,0,,Asia and Oceania,Oceania,,Nauru,Nauru,,,,High income,East Asia & Pacific,,,,,,,,,
524,Nepal,Nepal,Nepal,Nepal,Nepal,Nepal,Nepal,Nepal,Nepal,Nepal,Nepal (Republic of),790,Nepal,NPL,NP,developing,developing,Southern Asia,1,1,0,0,NPL,Nepal (Republic of),Nepal,Nepal,,,Nepal,Nepal,Nepal,790,790,660,0,Nepal,Asia and Oceania,Asia,Southern Asia,Nepal,Nepal,Nepal,Nepal,,Lower middle income,South Asia,,,,,,,,,
528,Netherlands,Netherlands,,Netherlands,Netherlands,Netherlands,,Netherlands,,Netherlands,Netherlands,210,Netherlands,NLD,NL,developed,developed,Europe,0,0,0,0,NLD,Netherlands,Netherlands,Netherlands,,,Netherlands,Netherlands,Netherlands,210,210,7,1,Netherlands,Europe,Western Europe,,Netherlands,Netherlands,Netherlands,Netherlands,,High income,Europe & Central Asia,,,,,,,,,
530,Netherlands Antilles,,,,Former Netherlands Antilles,,,,,,Neth. Antilles,,Netherlands Antilles,NLD,,disuse,developing,Latin America and the Caribbean,0,0,0,0,,,,Neth. Antilles,,,,,,,,,0,,America,Latin America and the Caribbean,Caribbean,,Netherlands Antilles,,,,,,,,,,,,,,
540,New Caledonia,New Caledonia,,,,New Caledonia,,New Caledonia,,,New Caledonia,,New Caledonia,FRA,NC,developing,developing,Oceania,0,0,0,0,NCL,New Caledonia,New Caledonia,New Caledonia,,,New Caledonia,,,,,,0,,Asia and Oceania,Oceania,,New Caledonia,New Caledonia,New Caledonia,,,High income,East Asia & Pacific,,,,,,,,,
554,New Zealand,New Zealand,,New Zealand,New Zealand,New Zealand,,New Zealand,,New Zealand,New Zealand,920,New Zealand,NZL,NZ,developed,developed,Oceania,0,0,0,0,NZL,New Zealand,New Zealand,New Zealand,,,New Zealand,New Zealand,New Zealand,920,920,820,0,New Zealand,Asia and Oceania,Oceania,,New Zealand,New Zealand,New Zealand,New Zealand,,High income,East Asia & Pacific,,,,,,,,,
558,Nicaragua,Nicaragua,Nicaragua,Nicaragua,Nicaragua,Nicaragua,Nicaragua,Nicaragua,Nicaragua,Nicaragua,Nicaragua,93,Nicaragua,NIC,NI,developing,developing,Latin America and the Caribbean,0,0,0,0,NIC,Nicaragua,Nicaragua,Nicaragua,,,Nicaragua,Nicaragua,Nicaragua,93,93,364,0,Nicaragua,America,Latin America and the Caribbean,Central America,Nicaragua,Nicaragua,Nicaragua,Nicaragua,,Lower middle income,Latin America & Caribbean,,,,,,,,,
562,Niger,Niger,Niger,,Niger,Niger,Niger,Niger,Niger,,Niger,436,Niger,NER,NE,developing,developing,Sub-Saharan Africa,1,1,0,0,NER,Niger,Niger,Niger,,,Niger,Niger,Niger,436,436,260,0,Niger,Africa,Sub-Saharan Africa,Western Africa,Niger,Niger,Niger,Niger,,Low income,Sub-Saharan Africa,,,,,,,,,
566,Nigeria,Nigeria,Nigeria,Nigeria,Nigeria,Nigeria,Nigeria,Nigeria,Nigeria,Nigeria,Nigeria,475,Nigeria,NGA,NG,developing,developing,Sub-Saharan Africa,0,0,0,0,NGA,Nigeria,Nigeria,Nigeria,,,Nigeria,Nigeria,Nigeria,475,475,261,0,Nigeria,Africa,Sub-Saharan Africa,Western Africa,Nigeria,Nigeria,Nigeria,Nigeria,,Lower middle income,Sub-Saharan Africa,,,,,,,,,
570,Niue,,Niue,,,Niue,Niue,Niue,,,Niue,,Niue,NZL,NU,developing,developing,Oceania,0,0,0,0,NIU,Niue,,Niue,,,Niue,,,,,856,0,,Asia and Oceania,Oceania,,Niue,Niue,,,,,,,,,,,,,,
807,North Macedonia,North Macedonia,North Macedonia,North Macedonia,North Macedonia,The Former Yugoslav Republic Of Macedonia,North Macedonia,Macedonia,"Macedonia, FYR","Macedonia, The Former Yugoslav Republic of",North Macedonia,343,The former Yugoslav Republic of Macedonia,MKD,MK,transition,developed,Europe,0,1,0,0,MKD,North Macedonia,North Macedonia,North Macedonia,,,Macedonia,North Macedonia,North Macedonia,343,343,66,1,North Macedonia,Europe,Southern Europe,,Macedonia,Macedonia,North Macedonia,North Macedonia,,Upper middle income,Europe & Central Asia,,,,,,,,,
580,Northern Mariana Islands,Northern Mariana Islands,,,,Northern Mariana Islands,,Northern Mariana Islands,,,Northern Marianas,,Northern Mariana Islands,USA,MP,developing,developing,Oceania,0,0,0,0,MNP,Northern Marianas,,,,,Northern Mariana Islands,,,,,,0,,Asia and Oceania,Oceania,,Northern Mariana Islands,Northern Mariana Islands,,,,High income,East Asia & Pacific,,,,,,,,,
579,Norway,Norway,,Norway,Norway,Norway,,Norway,,Norway,Norway,385,Norway,NOR,NO,developed,developed,Europe,0,0,0,0,NOR,Norway,Norway,Norway,,,Norway,Norway,Norway,385,385,8,1,Norway,Europe,Northern Europe,,Norway,Norway,Norway,Norway,,High income,Europe & Central Asia,,,,,,,,,
512,Oman,Oman,Oman,Oman,Oman,Oman,Oman,Oman,Oman,Oman,Oman,698,Oman,OMN,OM,developing,developing,Western Asia,0,0,0,0,OMN,Oman,Oman,Oman,,,Oman,Oman,Oman,698,698,558,0,Oman,Asia and Oceania,Asia,Western Asia,Oman,Oman,Oman,Oman,,High income,Middle East & North Africa,,,,,,,,,
582,"Pacific Islands, Trust Territory",,,,,,,,,,,,,,,developing,developing,Oceania,0,0,0,0,,,,,,,,,,,,,0,,Asia and Oceania,Oceania,,,,,,,,,,,,,,,,,
586,Pakistan,Pakistan,Pakistan,Pakistan,Pakistan,Pakistan,Pakistan,Pakistan,Pakistan,Pakistan,Pakistan,770,Pakistan,PAK,PK,developing,developing,Southern Asia,0,0,0,0,PAK,Pakistan,Pakistan,Pakistan,,,Pakistan,Pakistan,Pakistan,770,770,665,0,Pakistan,Asia and Oceania,Asia,Southern Asia,Pakistan,Pakistan,Pakistan,Pakistan,Pakistan,Lower middle income,South Asia,,,,,,,,,
585,Palau,Palau,Palau,,,Palau,Palau,Palau,,,Palau,986,Palau,PLW,PW,developing,developing,Oceania,0,0,1,1,PLW,Palau,Palau,Palau,546,Pacific SIDS,Palau,Palau,Palau,986,986,861,0,,Asia and Oceania,Oceania,,Palau,,Palau,Palau,,Upper middle income,East Asia & Pacific,,,,,,,,,
591,Panama,Panama,Panama,Panama,Panama,Panama,Panama,Panama,Panama,Panama,Panama,95,Panama,PAN,PA,developing,developing,Latin America and the Caribbean,0,0,0,0,PAN,Panama,Panama,Panama,,,Panama,Panama,Panama,95,95,366,0,Panama,America,Latin America and the Caribbean,Central America,Panama,Panama,Panama,Panama,,High income,Latin America & Caribbean,,,,,,,,,
592,"Panama, Canal Zone",,,,,,,,,,,,,,,disuse,developing,Latin America and the Caribbean,0,0,0,0,,,,,,,,,,,,,0,,America,Latin America and the Caribbean,Central America,,,,,,,,,,,,,,,,
590,"Panama, excluding Canal Zone",,,,,,,,,,,,,,,disuse,developing,Latin America and the Caribbean,0,0,0,0,,,,,,,,,,,,,0,,America,Latin America and the Caribbean,Central America,,,,,,,,,,,,,,,,
598,Papua New Guinea,Papua New Guinea,Papua New Guinea,,Papua New Guinea,Papua New Guinea,Papua New Guinea,Papua New Guinea,Papua New Guinea,Papua New Guinea,Papua New Guinea,910,Papua New Guinea,PNG,PG,developing,developing,Oceania,0,0,0,1,PNG,Papua New Guinea,Papua New Guinea,Papua New Guinea,,,Papua New Guinea,Papua New Guinea,Papua New Guinea,910,910,862,0,Papua New Guinea,Asia and Oceania,Oceania,,Papua New Guinea,Papua New Guinea,Papua New Guinea,Papua New Guinea,,Lower middle income,East Asia & Pacific,,,,,,,,,
600,Paraguay,Paraguay,Paraguay,Paraguay,Paraguay,Paraguay,Paraguay,Paraguay,Paraguay,Paraguay,Paraguay,150,Paraguay,PRY,PY,developing,developing,Latin America and the Caribbean,0,1,0,0,PRY,Paraguay,Paraguay,Paraguay,,,Paraguay,Paraguay,Paraguay,150,150,451,0,Paraguay,America,Latin America and the Caribbean,South America,Paraguay,Paraguay,Paraguay,Paraguay,,Upper middle income,Latin America & Caribbean,,,,,,,,,
604,Peru,Peru,Peru,Peru,Peru,Peru,Peru,Peru,Peru,Peru,Peru,135,Peru,PER,PE,developing,developing,Latin America and the Caribbean,0,0,0,0,PER,Peru,Peru,Peru,,,Peru,Peru,Peru,135,135,454,0,Peru,America,Latin America and the Caribbean,South America,Peru,Peru,Peru,Peru,,Upper middle income,Latin America & Caribbean,,,,,,,,,
608,Philippines,Philippines,Philippines,Philippines,Philippines,Philippines,Philippines,Philippines,Philippines,Philippines,Philippines,840,Philippines,PHL,PH,developing,developing,South-eastern Asia,0,0,0,0,PHL,Philippines,Philippines,Philippines,,,Philippines,Philippines,Philippines,840,840,755,0,Philippines,Asia and Oceania,Asia,South-eastern Asia,Philippines,Philippines,Philippines,Philippines,,Lower middle income,East Asia & Pacific,,,,,,,,,
616,Poland,Poland,,Poland,Poland,Poland,,Poland,Poland,Poland,Poland,290,Poland,POL,PL,developed,developed,Europe,0,0,0,0,POL,Poland,Poland,Poland,,,Poland,Poland,Poland,290,290,76,1,Poland,Europe,Eastern Europe,,Poland,Poland,Poland,Poland,,High income,Europe & Central Asia,,,,,,,,,
620,Portugal,Portugal,,Portugal,Portugal,Portugal,,Portugal,,Portugal,Portugal,235,Portugal,PRT,PT,developed,developed,Europe,0,0,0,0,PRT,Portugal,Portugal,Portugal,,,Portugal,Portugal,Portugal,235,235,9,1,Portugal,Europe,Southern Europe,,Portugal,Portugal,Portugal,Portugal,,High income,Europe & Central Asia,,,,,,,,,
634,Qatar,Qatar,,Qatar,Qatar,Qatar,,Qatar,Qatar,Qatar,Qatar,694,Qatar,QAT,QA,developing,developing,Western Asia,0,0,0,0,QAT,Qatar,Qatar,Qatar,,,Qatar,Qatar,Qatar,694,694,561,0,Qatar,Asia and Oceania,Asia,Western Asia,Qatar,Qatar,Qatar,Qatar,,High income,Middle East & North Africa,,,,,,,,,
642,Romania,Romania,,Romania,Romania,Romania,,Romania,Romania,Romania,Romania,360,Romania,ROU,RO,developed,developed,Europe,0,0,0,0,ROU,Romania,Romania,Romania,,,Romania,Romania,Romania,360,360,77,1,Romania,Europe,Eastern Europe,,Romania,Romania,Romania,Romania,,High income,Europe & Central Asia,,,,,,,,,
643,Russian Federation,Russian Federation,,Russian Federation,Russian Federation,Russian Federation,,Russia,Russian Federation,Russian Federation,Russian Federation,365,Russian Federation,RUS,RU,transition,developed,Europe,0,0,0,0,RUS,Russian Federation,Russian Federation,Russian Federation,,,Russia,Russian Federation,Russian Federation,365,365,87,1,Russian Federation,Europe,Eastern Europe,,Russia,Russia,Russia,Russian Federation,,Upper middle income,Europe & Central Asia,,,,,,,,,
646,Rwanda,Rwanda,Rwanda,Rwanda,Rwanda,Rwanda,Rwanda,Rwanda,Rwanda,,Rwanda,517,Rwanda,RWA,RW,developing,developing,Sub-Saharan Africa,1,1,0,0,RWA,Rwanda,Rwanda,Rwanda,,,Rwanda,Rwanda,Rwanda,517,517,266,0,Rwanda,Africa,Sub-Saharan Africa,Eastern Africa,Rwanda,Rwanda,Rwanda,Rwanda,,Low income,Sub-Saharan Africa,,,,,,,,,
654,Saint Helena,,Saint Helena,,,,,Saint Helena,,,St. Helena,,Saint Helena,GBR,SH,developing,developing,Sub-Saharan Africa,0,0,0,0,SHN,,,Saint Helena,,,Saint Helena,,,,,276,0,,Africa,Sub-Saharan Africa,Western Africa,Saint Helena,St. Helena,,,,,,,,,,,,,,
659,Saint Kitts and Nevis,St. Kitts and Nevis,Saint Kitts and Nevis,,St Kitts and Nevis,Saint Kitts And Nevis,Saint Kitts and Nevis,Saint Kitts,St. Kitts and Nevis,,Saint Kitts and Nevis,60,Saint Kitts & Nevis,KNA,KN,developing,developing,Latin America and the Caribbean,0,0,1,1,KNA,Saint Kitts and Nevis,Saint Kitts and Nevis,Saint Kitts and Nevis,570,Caribbean SIDS ,Saint Kitts and Nevis,Saint Kitts and Nevis,Saint Kitts and Nevis,60,60,382,0,Saint Kitts and Nevis,America,Latin America and the Caribbean,Caribbean,Saint Kitts,St. Kitts and Nevis,Saint Kitts and Nevis,Saint Kitts and Nevis,,High income,Latin America & Caribbean,,,,,,,,,
662,Saint Lucia,St. Lucia,Saint Lucia,,St Lucia,Saint Lucia,Saint Lucia,Saint Lucia,St. Lucia,,Saint Lucia,56,Saint Lucia,LCA,LC,developing,developing,Latin America and the Caribbean,0,0,1,1,LCA,Saint Lucia,Saint Lucia,Saint Lucia,572,Caribbean SIDS ,Saint Lucia,Saint Lucia,Saint Lucia,56,56,383,0,Saint Lucia,America,Latin America and the Caribbean,Caribbean,Saint Lucia,St. Lucia,Saint Lucia,Saint Lucia,,Upper middle income,Latin America & Caribbean,,,,,,,,,
666,Saint Pierre and Miquelon,,,,,,,Saint Pierre and Miquelon,,,St. Pierre & Miquelon,,Saint Pierre et Miquelon,FRA,PM,developed,developed,Northern America,0,0,0,0,SPM,,,Saint Pierre and Miquelon,,,Saint Pierre and Miquelon,,,,,,0,,America,Northern America,,Saint Pierre and Miquelon,St. Pierre and Miquelon,Saint Pierre and Miquelon,,,,,,,,,,,,,
670,Saint Vincent and the Grenadines,St. Vincent and the Grenadines,Saint Vincent and the Grenadines,,St Vincent and the Grenadines,Saint Vincent And The Grenadines,Saint Vincent and the Grenadines,Saint Vincent,St. Vincent and the Grenadines,,Saint Vincent and the Grenadines,57,Saint Vincent and the Grenadines,VCT,VC,developing,developing,Latin America and the Caribbean,0,0,1,1,VCT,Saint Vincent and the Grenadines,Saint Vincent and the Grenadines,Saint Vincent and the Grenadines,575,Caribbean SIDS ,Saint Vincent and the Grenadines,Saint Vincent and the Grenadines,Saint Vincent and the Grenadines,57,57,384,0,Saint Vincent and the Grenadines,America,Latin America and the Caribbean,Caribbean,Saint Vincent,St. Vincent and the Grenadines,Saint Vincent and the Grenadines,Saint Vincent and the Grenadines,,Upper middle income,Latin America & Caribbean,,,,,,,,,
882,Samoa,Samoa,Samoa,,,Samoa,Samoa,Samoa,Samoa,,Samoa,990,Samoa,WSM,WS,developing,developing,Oceania,0,0,1,1,WSM,Samoa,Samoa,Samoa,640,Pacific SIDS,Samoa,Samoa,Samoa,990,990,880,0,,Asia and Oceania,Oceania,,Samoa,Western Samoa,Samoa,Samoa,,Lower middle income,East Asia & Pacific,,,,,,,,,
674,San Marino,San Marino,,,,San Marino,,San Marino,,,San Marino,331,San Marino,SMR,SM,developed,developed,Europe,0,0,0,0,SMR,San Marino,,San Marino,,,San Marino,,San Marino,331,331,,1,San Marino,Europe,Southern Europe,,San Marino,San Marino,,,,High income,Europe & Central Asia,,,,,,,,,
678,Sao Tome and Principe,Sao Tome and Principe,Sao Tome and Principe,,Sao Tome and Principe,Sao Tome And Principe,Sao Tome and Principe,Sao Tome and Principe,Sao Tome and Principe,,Sao Tome and Principe,403,Sao Tome and Principe,STP,ST,developing,developing,Sub-Saharan Africa,1,0,1,1,STP,Sao Tome and Principe,Sao Tome and Principe,Sao Tome and Principe,577,Atlantic and Indian Ocean SIDS ,Sao Tome and Principe,Sao Tome and Principe,Sao Tome and Principe,403,403,268,0,Sao Tome and Principe,Africa,Sub-Saharan Africa,Middle Africa,Sao Tome and Principe,Sao Tome and Principe,So Tom and Prncipe,Sao Tome and Principe,,Lower middle income,Sub-Saharan Africa,,,,,,,,,
682,Saudi Arabia,Saudi Arabia,Saudi Arabia,Saudi Arabia,Saudi Arabia,Saudi Arabia,Saudi Arabia,Saudi Arabia,Saudi Arabia,Saudi Arabia,Saudi Arabia,670,Saudi Arabia,SAU,SA,developing,developing,Western Asia,0,0,0,0,SAU,Saudi Arabia,Saudi Arabia,Saudi Arabia,,,Saudi Arabia,Saudi Arabia,Saudi Arabia,670,670,566,0,Saudi Arabia,Asia and Oceania,Asia,Western Asia,Saudi Arabia,Saudi Arabia,Saudi Arabia,Saudi Arabia,,High income,Middle East & North Africa,,,,,,,,,
686,Senegal,Senegal,Senegal,Senegal,Senegal,Senegal,Senegal,Senegal,Senegal,,Senegal,433,Senegal,SEN,SN,developing,developing,Sub-Saharan Africa,1,0,0,0,SEN,Senegal,Senegal,Senegal,,,Senegal,Senegal,Senegal,433,433,269,0,Senegal,Africa,Sub-Saharan Africa,Western Africa,Senegal,Senegal,Senegal,Senegal,,Lower middle income,Sub-Saharan Africa,,,,,,,,,
688,Serbia,Serbia,Serbia,Serbia,Serbia,Serbia,Serbia,Serbia,"Serbia, Republic of",Serbia,Serbia,340,Serbia,SRB,RS,transition,developed,Europe,0,0,0,0,SRB,Serbia,Serbia,Serbia,,,Serbia,Serbia,Serbia,340,340,63,1,Serbia,Europe,Southern Europe,,Serbia,Serbia,Serbia and Montenegro,Serbia,,Upper middle income,Europe & Central Asia,,,,,,,,,
891,Serbia and Montenegro,,,,,,,,,,,345,,,,disuse,developed,Europe,0,0,0,0,,,Serbia and Montenegro,Serbia and Montenegro,,,,,,,,,0,,Europe,Southern Europe,,,,Serbia and Montenegro,,,,,,,,,,,,,
690,Seychelles,Seychelles,Seychelles,Seychelles,Seychelles,Seychelles,Seychelles,Seychelles,Seychelles,,Seychelles,591,Seychelles,SYC,SC,developing,developing,Sub-Saharan Africa,0,0,1,1,SYC,Seychelles,Seychelles,Seychelles,581,Atlantic and Indian Ocean SIDS ,Seychelles,Seychelles,Seychelles,591,591,270,0,Seychelles,Africa,Sub-Saharan Africa,Eastern Africa,Seychelles,Seychelles,Seychelles,Seychelles,,High income,Sub-Saharan Africa,,,,,,,,,
694,Sierra Leone,Sierra Leone,Sierra Leone,Sierra Leone,Sierra Leone,Sierra Leone,Sierra Leone,Sierra Leone,Sierra Leone,Sierra Leone,Sierra Leone,451,Sierra Leone,SLE,SL,developing,developing,Sub-Saharan Africa,1,0,0,0,SLE,Sierra Leone,Sierra Leone,Sierra Leone,,,Sierra Leone,Sierra Leone,Sierra Leone,451,451,272,0,Sierra Leone,Africa,Sub-Saharan Africa,Western Africa,Sierra Leone,Sierra Leone,Sierra Leone,Sierra Leone,,Low income,Sub-Saharan Africa,,,,,,,,,
702,Singapore,Singapore,,Singapore,Singapore,Singapore,,Singapore,,Singapore,Singapore,830,Singapore,SGP,SG,developing,developing,South-eastern Asia,0,0,0,1,SGP,Singapore,Singapore,Singapore,,,Singapore,Singapore,Singapore,830,830,761,0,Singapore,Asia and Oceania,Asia,South-eastern Asia,Singapore,Singapore,Singapore,Singapore,,High income,East Asia & Pacific,,,,,,,,,
534,Sint Maarten (Dutch part),Sint Maarten (Dutch part),,,,Sint Maarten (Dutch Part),,Sint Maarten,,,St. Maarten,,Sint Maarten,NLD,SX,developing,developing,Latin America and the Caribbean,0,0,0,0,,,,,,,,,,,,,0,,America,Latin America and the Caribbean,Caribbean,,,,,,,,,,,,,,,,
703,Slovakia,Slovak Republic,,Slovak Republic,Slovakia,Slovakia,,Slovakia,,Slovakia,Slovakia,317,Slovakia,SVK,SK,developed,developed,Europe,0,0,0,0,SVK,Slovakia,Slovakia,Slovakia,,,Slovakia,Slovakia,Slovakia,317,317,69,1,Slovakia,Europe,Eastern Europe,,Slovakia,Slovakia,Slovakia,Slovakia,,High income,Europe & Central Asia,,,,,,,,,
705,Slovenia,Slovenia,Slovenia,Slovenia,Slovenia,Slovenia,Slovenia,Slovenia,,Slovenia,Slovenia,349,Slovenia,SVN,SI,developed,developed,Europe,0,0,0,0,SVN,Slovenia,Slovenia,Slovenia,,,Slovenia,Slovenia,Slovenia,349,349,61,1,Slovenia,Europe,Southern Europe,,Slovenia,Slovenia,Slovenia,Slovenia,,High income,Europe & Central Asia,,,,,,,,,
890,Socialist Federal Republic of Yugoslavia,,States Ex-Yugoslavia unspecified,,,,,,,,,,,,,disuse,disuse,Europe,0,0,0,0,,,,,,,,,,,,88,0,Yugoslavia (former),Europe,Southern Europe,,,,,,,,,,,,,,,,,
90,Solomon Islands,Solomon Islands,Solomon Islands,,Solomon Islands,Solomon Islands,Solomon Islands,Solomon Islands,Solomon Islands,,Solomon Islands,940,Solomon Islands,SLB,SB,developing,developing,Oceania,1,0,1,1,SLB,Solomon Islands,,Solomon Isds,32,Pacific SIDS,Solomon Islands,Solomon Islands,Solomon Islands,940,940,866,0,,Asia and Oceania,Oceania,,Solomon Islands,Solomon Islands,Solomon Islands,Solomon Islands,,Lower middle income,East Asia & Pacific,,,,,,,,,
706,Somalia,Somalia,Somalia,,,Somalia,Somalia,Somalia,Somalia,,Somalia,520,Somalia,SOM,SO,developing,developing,Sub-Saharan Africa,1,0,0,0,SOM,Somalia,,Somalia,,,Somalia,,,520,520,273,0,Somalia,Africa,Sub-Saharan Africa,Eastern Africa,Somalia,Somalia,Somalia,,Somalia,Low income,Sub-Saharan Africa,,,,,,,,,
710,South Africa,South Africa,South Africa,South Africa,South Africa,South Africa,South Africa,South Africa,South Africa,South Africa,South Africa,560,South Africa,ZAF,ZA,developing,developing,Sub-Saharan Africa,0,0,0,0,ZAF,South Africa,South Africa,South Africa,,,South Africa,South Africa,South Africa,560,560,218,0,South Africa,Africa,Sub-Saharan Africa,Southern Africa,South Africa,South Africa,South Africa,South Africa,South Africa,Upper middle income,Sub-Saharan Africa,,,,,,,,,
728,South Sudan,South Sudan,South Sudan,,,South Sudan,South Sudan,South Sudan,,South Sudan,South Sudan,626,South Sudan,SSD,SS,developing,developing,Sub-Saharan Africa,1,1,0,0,SSD,South Sudan,,South Sudan,,,,South Sudan,South Sudan,626,626,279,0,South Sudan,Africa,Sub-Saharan Africa,Eastern Africa,South Sudan,,Sudan and South Sudan,South Sudan,South Sudan,Low income,Sub-Saharan Africa,,,,,,,,,
724,Spain,Spain,,Spain,Spain,Spain,,Spain,,Spain,Spain,230,Spain,ESP,ES,developed,developed,Europe,0,0,0,0,ESP,Spain,Spain,Spain,,,Spain,Spain,Spain,230,230,50,1,Spain,Europe,Southern Europe,,Spain,Spain,Spain and Andorra,Spain,,High income,Europe & Central Asia,,,,,,,,,
144,Sri Lanka,Sri Lanka,Sri Lanka,Sri Lanka,Sri Lanka,Sri Lanka,Sri Lanka,Sri Lanka,Sri Lanka,Sri Lanka,Sri Lanka,780,Sri Lanka,LKA,LK,developing,developing,Southern Asia,0,0,0,0,LKA,Sri Lanka,Sri Lanka,Sri Lanka,,,Sri Lanka,Sri Lanka,Sri Lanka,780,780,640,0,Sri Lanka,Asia and Oceania,Asia,Southern Asia,Sri Lanka,Sri Lanka,Sri Lanka,Sri Lanka,,Lower middle income,South Asia,,,,,,,,,
275,State of Palestine,West Bank and Gaza,West Bank and Gaza Strip,,,State Of Palestine,State of Palestine,Palestine,,"Palestine, State of",Palestine,,West Bank,PSE,PS,developing,developing,Western Asia,0,0,0,0,PSE,Palestine,State of Palestine,State of Palestine,,,,"Palestine, State of",Occupied Palestinian Territory,669,669,550,0,State of Palestine,Asia and Oceania,Asia,Western Asia,Palestine,,"Israel and Palestine, State of","Palestine, State of",,Lower middle income,Middle East & North Africa,,,,,,,,,
729,Sudan,Sudan,Sudan,,Sudan,Sudan,Sudan,Sudan,Sudan,Sudan,Sudan,625,Sudan,SDN,SD,developing,developing,Northern Africa,1,0,0,0,SDN,Sudan,Sudan,Sudan,,,Sudan,Sudan,Sudan,625,625,278,0,Sudan,Africa,Northern Africa,,Sudan,Sudan,Sudan and South Sudan,Sudan,Sudan,Low income,Sub-Saharan Africa,,,,,,,,,
736,Sudan (...2011),,,,,,,,,,,,,,,disuse,developing,Northern Africa,1,0,0,0,,,,,,,,,,,,,0,,Africa,Northern Africa,,,,,,,,,,,,,,,,,
740,Suriname,Suriname,Suriname,Suriname,Suriname,Suriname,Suriname,Suriname,Suriname,,Suriname,115,Suriname,SUR,SR,developing,developing,Latin America and the Caribbean,0,0,0,1,SUR,Suriname,Suriname,Suriname,,,Suriname,Suriname,Suriname,115,115,457,0,Suriname,America,Latin America and the Caribbean,South America,Suriname,Suriname,Suriname,Suriname,,Upper middle income,Latin America & Caribbean,,,,,,,,,
752,Sweden,Sweden,,Sweden,Sweden,Sweden,,Sweden,,Sweden,Sweden,380,Sweden,SWE,SE,developed,developed,Europe,0,0,0,0,SWE,Sweden,Sweden,Sweden,,,Sweden,Sweden,Sweden,380,380,10,1,Sweden,Europe,Northern Europe,,Sweden,Sweden,Sweden,Sweden,,High income,Europe & Central Asia,,,,,,,,,
757,"Switzerland, Liechtenstein",Switzerland,,Switzerland,Switzerland,Switzerland,,Switzerland,,Switzerland,Switzerland,225,Switzerland,CHE,CH,developed,developed,Europe,0,0,0,0,CHE,Switzerland,,Switzerland,,,Switzerland,Switzerland,Switzerland,225,225,11,1,Switzerland,Europe,Western Europe,,Switzerland,Switzerland,Switzerland and Liechtenstein,Switzerland,,High income,Europe & Central Asia,,,,,,,,,
760,Syrian Arab Republic,Syrian Arab Republic,Syrian Arab Republic,Syria,Syria,Syrian Arab Republic,Syrian Arab Republic,Syria,Syrian Arab Republic,Syrian Arab Republic,Syrian Arab Republic,652,Syrian Arab Republic,SYR,SY,developing,developing,Western Asia,0,0,0,0,SYR,Syrian Arab Republic,,Syria,,,Syria,Syrian Arab Republic,Syrian Arab Republic,652,652,573,0,Syrian Arab Republic,Asia and Oceania,Asia,Western Asia,Syria,Syria,Syria,Syrian Arab Republic,,Low income,Middle East & North Africa,,,,,,,,,
762,Tajikistan,Tajikistan,Tajikistan,Tajikistan,Tajikistan,Tajikistan,Tajikistan,Tajikistan,Tajikistan,,Tajikistan,702,Tajikistan,TJK,TJ,transition,developing,Central Asia,0,1,0,0,TJK,Tajikistan,Tajikistan,Tajikistan,,,Tajikistan,Tajikistan,Tajikistan,702,702,615,1,Tajikistan,Asia and Oceania,Asia,Central Asia,Tajikistan,Tajikistan,Tajikistan,Tajikistan,,Lower middle income,Europe & Central Asia,,,,,,,,,
834,"Tanzania, United Republic of",Tanzania,Tanzania,Tanzania,Tanzania,"Tanzania, United Republic Of",United Republic of Tanzania,Tanzania,Tanzania,"Tanzania, United Republic of",Tanzania,510,United Republic of Tanzania,TZA,TZ,developing,developing,Sub-Saharan Africa,1,0,0,0,TZA,Tanzania,,United Rep. of Tanzania,,,Tanzania,Tanzania (United Republic of),"Tanzania, United Republic of",510,510,282,0,"Tanzania, United Republic of",Africa,Sub-Saharan Africa,Eastern Africa,Tanzania,"Tanzania, United Republic of",Tanzania,Tanzania (United Republic of),Tanzania,Lower middle income,Sub-Saharan Africa,,,,,,,,,
764,Thailand,Thailand,Thailand,Thailand,Thailand,Thailand,Thailand,Thailand,Thailand,Thailand,Thailand,800,Thailand,THA,TH,developing,developing,South-eastern Asia,0,0,0,0,THA,Thailand,Thailand,Thailand,,,Thailand,Thailand,Thailand,800,800,764,0,Thailand,Asia and Oceania,Asia,South-eastern Asia,Thailand,Thailand,Thailand,Thailand,,Upper middle income,East Asia & Pacific,,,,,,,,,
626,Timor-Leste,Timor-Leste,Timor-Leste,Timor-leste,,Timor-Leste,Timor-Leste,Timor-Leste,"Timor-Leste, Dem. Rep. of",,Timor-Leste,860,Timor-Leste,TLS,TL,developing,developing,South-eastern Asia,1,0,1,1,TLS,Timor-Leste,Timor-Leste,Timor-Leste,559,Pacific SIDS,Timor-Leste,Timor-Leste,Timor-Leste,860,860,765,0,Timor-Leste,Asia and Oceania,Asia,South-eastern Asia,Timor-Leste,,Timor-Leste,Timor-Leste,,Lower middle income,East Asia & Pacific,,,,,,,,,
768,Togo,Togo,Togo,,Togo,Togo,Togo,Togo,Togo,,Togo,461,Togo,TGO,TG,developing,developing,Sub-Saharan Africa,1,0,0,0,TGO,Togo,Togo,Togo,,,Togo,Togo,Togo,461,461,283,0,Togo,Africa,Sub-Saharan Africa,Western Africa,Togo,Togo,Togo,Togo,,Low income,Sub-Saharan Africa,,,,,,,,,
772,Tokelau,,Tokelau,,,,Tokelau,,,,Tokelau,,Tokelau,NZL,TK,developing,developing,Oceania,0,0,0,0,TKL,Tokelau,,Tokelau,,,,,,,,868,0,,Asia and Oceania,Oceania,,,Tokelau,,,,,,,,,,,,,,
776,Tonga,Tonga,Tonga,,Tonga,Tonga,Tonga,Tonga,Tonga,,Tonga,972,Tonga,TON,TO,developing,developing,Oceania,0,0,1,1,TON,Tonga,Tonga,Tonga,605,Pacific SIDS,Tonga,Tonga,Tonga,972,955,870,0,Tonga,Asia and Oceania,Oceania,,Tonga,Tonga,Tonga,Tonga,,Upper middle income,East Asia & Pacific,,,,,,,,,
780,Trinidad and Tobago,Trinidad and Tobago,Trinidad and Tobago,Trinidad and Tobago,Trinidad and Tobago,Trinidad And Tobago,Trinidad and Tobago,Trinidad,Trinidad and Tobago,Trinidad And Tobago,Trinidad and Tobago,52,Trinidad and Tobago,TTO,TT,developing,developing,Latin America and the Caribbean,0,0,1,1,TTO,Trinidad and Tobago,Trinidad and Tobago,Trinidad and Tobago,606,Caribbean SIDS ,Trinidad and Tobago,Trinidad and Tobago,Trinidad and Tobago,52,52,375,0,Trinidad and Tobago,America,Latin America and the Caribbean,Caribbean,Trinidad,Trinidad and Tobago,Trinidad and Tobago,Trinidad and Tobago,,High income,Latin America & Caribbean,,,,,,,,,
788,Tunisia,Tunisia,Tunisia,Tunisia,Tunisia,Tunisia,Tunisia,Tunisia,Tunisia,Tunisia,Tunisia,616,Tunisia,TUN,TN,developing,developing,Northern Africa,0,0,0,0,TUN,Tunisia,Tunisia,Tunisia,,,Tunisia,Tunisia,Tunisia,616,616,139,0,Tunisia,Africa,Northern Africa,,Tunisia,Tunisia,Tunisia,Tunisia,,Lower middle income,Middle East & North Africa,,,,,,,,,
792,Turkey,Turkey,Turkey,Turkey,Turkey,Turkey,Turkey,Turkey,Turkey,Turkey,Turkey,640,Turkey,TUR,TR,developing,developing,Western Asia,0,0,0,0,TUR,Turkey,Turkey,Turkey,,,Turkey,Turkey,Turkey,640,640,55,1,Turkey,Asia and Oceania,Asia,Western Asia,Turkey,Turkey,Turkey,Turkey,,Upper middle income,Europe & Central Asia,,,,,,,,,
795,Turkmenistan,Turkmenistan,Turkmenistan,,,Turkmenistan,Turkmenistan,Turkmenistan,Turkmenistan,,Turkmenistan,701,Turkmenistan,TKM,TM,transition,developing,Central Asia,0,1,0,0,TKM,Turkmenistan,Turkmenistan,Turkmenistan,,,Turkmenistan,Turkmenistan,Turkmenistan,701,701,616,1,Turkmenistan,Asia and Oceania,Asia,Central Asia,Turkmenistan,Turkmenistan,Turkmenistan,Turkmenistan,,Upper middle income,Europe & Central Asia,,,,,,,,,
796,Turks and Caicos Islands,Turks and Caicos Islands,Turks and Caicos Islands,,,Turks And Caicos Islands,Turks and Caicos Islands,Turks and Caicos Islands,,,Turks & Caicos Is.,,Turks and Caicos Islands,TCA,TC,developing,developing,Latin America and the Caribbean,0,0,0,0,TCA,Turks & Caicos Is.,,Turks and Caicos Isds,,,Turks and Caicos Islands,,,,,387,0,,America,Latin America and the Caribbean,Caribbean,Turks and Caicos Islands,Turks and Caicos Islands,Turks and Caicos Islands,,,High income,Latin America & Caribbean,,,,,,,,,
798,Tuvalu,Tuvalu,Tuvalu,,,Tuvalu,Tuvalu,,,,Tuvalu,973,Tuvalu,TUV,TV,developing,developing,Oceania,1,0,1,1,TUV,Tuvalu,Tuvalu,Tuvalu,612,Pacific SIDS,Tuvalu,,Tuvalu,973,947,872,0,,Asia and Oceania,Oceania,,,Tuvalu,,,,Upper middle income,East Asia & Pacific,,,,,,,,,
800,Uganda,Uganda,Uganda,Uganda,Uganda,Uganda,Uganda,Uganda,Uganda,Uganda,Uganda,500,Uganda,UGA,UG,developing,developing,Sub-Saharan Africa,1,1,0,0,UGA,Uganda,Uganda,Uganda,,,Uganda,Uganda,Uganda,500,500,285,0,Uganda,Africa,Sub-Saharan Africa,Eastern Africa,Uganda,Uganda,Uganda,Uganda,Uganda,Low income,Sub-Saharan Africa,,,,,,,,,
804,Ukraine,Ukraine,Ukraine,Ukraine,Ukraine,Ukraine,Ukraine,Ukraine,Ukraine,Ukraine,Ukraine,369,Ukraine,UKR,UA,transition,developed,Europe,0,0,0,0,UKR,Ukraine,Ukraine,Ukraine,,,Ukraine,Ukraine,Ukraine,369,369,85,1,Ukraine,Europe,Eastern Europe,,Ukraine,Ukraine,Ukraine,Ukraine,,Lower middle income,Europe & Central Asia,,,,,,,,,
810,Union of Soviet Socialist Republics,,,,,,,,,,,,,,,disuse,developed,Europe,0,0,0,0,,,,,,,,,,,,,0,,Europe,Eastern Europe,,,,,,,,,,,,,,,,,
784,United Arab Emirates,United Arab Emirates,,United Arab Emirates,United Arab Emirates,United Arab Emirates,,United Arab Emirates,United Arab Emirates,United Arab Emirates,United Arab Emirates,696,United Arab Emirates,ARE,AE,developing,developing,Western Asia,0,0,0,0,ARE,United Arab Emirates,United Arab Emirates,United Arab Emirates,,,United Arab Emirates,United Arab Emirates,United Arab Emirates,696,696,576,0,United Arab Emirates,Asia and Oceania,Asia,Western Asia,United Arab Emirates,United Arab Emirates,United Arab Emirates,United Arab Emirates,,High income,Middle East & North Africa,,,,,,,,,
926,United Kingdom,United Kingdom,,United Kingdom,United Kingdom,United Kingdom,,UK,,United Kingdom,United Kingdom,200,United Kingdom of Great Britain & Northern Ireland,GBR,GB,developed,developed,Europe,0,0,0,0,GBR,United Kingdom,United Kingdom,United Kingdom,,,United Kingdom,United Kingdom,United Kingdom,200,200,12,1,United Kingdom,Europe,Northern Europe,,UK,United Kingdom,United Kingdom,United Kingdom,,High income,Europe & Central Asia,,,,,,,,,
842,United States of America,United States,,United States,United States,United States Of America,,USA,,United States of America,United States,2,United States of America,USA,US,developed,developed,Northern America,0,0,0,0,USA,United States,,USA,,,United States,United States,United States,2,2,302,1,United States of America,America,Northern America,,USA,United States,United States,United States,,High income,North America,,,,,,,,,
858,Uruguay,Uruguay,Uruguay,Uruguay,Uruguay,Uruguay,Uruguay,Uruguay,Uruguay,Uruguay,Uruguay,165,Uruguay,URY,UY,developing,developing,Latin America and the Caribbean,0,0,0,0,URY,Uruguay,Uruguay,Uruguay,,,Uruguay,Uruguay,Uruguay,165,165,460,0,Uruguay,America,Latin America and the Caribbean,South America,Uruguay,Uruguay,Uruguay,Uruguay,,High income,Latin America & Caribbean,,,,,,,,,
860,Uzbekistan,Uzbekistan,Uzbekistan,,Uzbekistan,Uzbekistan,Uzbekistan,Uzbekistan,Uzbekistan,,Uzbekistan,704,Uzbekistan,UZB,UZ,transition,developing,Central Asia,0,1,0,0,UZB,Uzbekistan,Uzbekistan,Uzbekistan,,,Uzbekistan,Uzbekistan,Uzbekistan,704,704,617,1,Uzbekistan,Asia and Oceania,Asia,Central Asia,Uzbekistan,Uzbekistan,Uzbekistan,Uzbekistan,,Lower middle income,Europe & Central Asia,,,,,,,,,
548,Vanuatu,Vanuatu,Vanuatu,,Vanuatu,Vanuatu,Vanuatu,Vanuatu,Vanuatu,,Vanuatu,935,Vanuatu,VUT,VU,developing,developing,Oceania,0,0,1,1,VUT,Vanuatu,Vanuatu,Vanuatu,531,Pacific SIDS,Vanuatu,Vanuatu,Vanuatu,935,935,854,0,Vanuatu,Asia and Oceania,Oceania,,Vanuatu,Vanuatu,Vanuatu,Vanuatu,,Lower middle income,East Asia & Pacific,,,,,,,,,
862,Venezuela (Bolivarian Rep. of),"Venezuela, RB",Venezuela,Venezuela,Venezuela,"Venezuela, Bolivarian Republic Of",Venezuela (Bolivarian Republic of),Venezuela,"Venezuela, Republica Bolivariana de",Venezuela,Venezuela,101,Venezuela,VEN,VE,developing,developing,Latin America and the Caribbean,0,0,0,0,VEN,Venezuela,,Venezuela,,,Venezuela,Venezuela (Bolivarian Republic of),"Venezuela, Bolivarian Republic of",101,101,463,0,"Venezuela, Bolivarian Republic of",America,Latin America and the Caribbean,South America,Venezuela,Venezuela,Venezuela,Venezuela (Bolivarian Republic of),,0,Latin America & Caribbean,,,,,,,,,
704,Viet Nam,Vietnam,Viet Nam,Viet Nam,Vietnam,Viet Nam,Viet Nam,Vietnam,Vietnam,Viet Nam,Viet Nam,816,Viet Nam,VNM,VN,developing,developing,South-eastern Asia,0,0,0,0,VNM,Viet Nam,Viet Nam,Viet Nam,,,Vietnam,Viet Nam,Viet Nam,816,816,769,0,Viet Nam,Asia and Oceania,Asia,South-eastern Asia,Vietnam,Vietnam,Vietnam,Viet Nam,,Lower middle income,East Asia & Pacific,,,,,,,,,
876,Wallis and Futuna Islands,,Wallis and Futuna,,,,,Wallis and Futuna,,,Wallis and Futuna,,Wallis and Futuna,FRA,WF,developing,developing,Oceania,0,0,0,0,WLF,Wallis and Futuna,,Wallis and Futuna Isds,,,Wallis and Futuna,,,,,876,0,,Asia and Oceania,Oceania,,,,,,,,,,,,,,,,,
732,Western Sahara,,,,,,,Western Sahara,,,,,Western Sahara,ESH,EH,developing,developing,Northern Africa,0,0,0,0,ESH,,,Western Sahara,,,Western Sahara,,,,,,0,,Africa,Northern Africa,,Western Sahara,Western Sahara,Western Sahara,,,,,,,,,,,,,
887,Yemen,"Yemen, Rep.",Yemen,Yemen,Yemen,Yemen,Yemen,Yemen,"Yemen, Republic of",,Yemen,678,Yemen,YEM,YE,developing,developing,Western Asia,1,0,0,0,YEM,Yemen,Yemen,Yemen,,,Yemen,Yemen,Yemen,678,679,580,0,Yemen,Asia and Oceania,Asia,Western Asia,Yemen,Yemen,Yemen,Yemen,Yemen,Low income,Middle East & North Africa,,,,,,,,,
886,"Yemen, Arab Republic",,,,,,,,,,,,,,,disuse,developing,Western Asia,1,0,0,0,,,,,,,,,,,,,0,,Asia and Oceania,Asia,Western Asia,,,,,,,,,,,,,,,,
720,"Yemen, Democratic",,,,,,,,,,,,,,,disuse,developing,Western Asia,1,0,0,0,,,,,,,,,,,,,0,,Asia and Oceania,Asia,Western Asia,,,,,,,,,,,,,,,,
894,Zambia,Zambia,Zambia,Zambia,Zambia,Zambia,Zambia,Zambia,Zambia,,Zambia,551,Zambia,ZMB,ZM,developing,developing,Sub-Saharan Africa,1,1,0,0,ZMB,Zambia,Zambia,Zambia,,,Zambia,Zambia,Zambia,551,551,288,0,Zambia,Africa,Sub-Saharan Africa,Eastern Africa,Zambia,Zambia,Zambia,Zambia,Zambia,Low income,Sub-Saharan Africa,,,,,,,,,
716,Zimbabwe,Zimbabwe,Zimbabwe,Zimbabwe,Zimbabwe,Zimbabwe,Zimbabwe,Zimbabwe,Zimbabwe,Zimbabwe,Zimbabwe,552,Zimbabwe,ZWE,ZW,developing,developing,Sub-Saharan Africa,0,1,0,0,ZWE,Zimbabwe,Zimbabwe,Zimbabwe,,,Zimbabwe,Zimbabwe,Zimbabwe,552,552,265,0,Zimbabwe,Africa,Sub-Saharan Africa,Eastern Africa,Zimbabwe,Zimbabwe,Zimbabwe,Zimbabwe,Zimbabwe,Lower middle income,Sub-Saharan Africa,,,,,,,,,
